-- Obs. todos os inserts foram colocados em uma única transação para
-- facilitar a depuração: cada vez que o script é rodado todas as
-- inserções são feitas com sucesso ou nenhuma inserção é feita,
-- permitindo corrigir bugs e rodar o script novamente. Além disso,
-- podemos ignorar temporariamente algumas restrições, fazendo as
-- inserções em uma ordem mais conveniente, porém ainda garantindo
-- a consistência dos dados, como mencionado a seguir.

BEGIN TRANSACTION;

-- A inserção em `uf` e `org_adm_mun` antes de `ent_fed` viola as restrições de
-- integridade referencial (chaves estrangeiras), por isso habilitamos o modo
-- "deferred", para que as restrições sejam verificadas apenas no final da transação.
SET CONSTRAINTS ALL DEFERRED;

INSERT INTO uf VALUES
    ('SP', '35'),
    ('PR', '41'),
    ('SC', '42'),
    ('RS', '43'),
    ('AM', '13'),
    ('MA', '21'),
    ('RN', '24'),
    ('PE', '26'),
    ('SE', '28'),
    ('BA', '29'),
    ('MG', '31'),
    ('RJ', '33'),
    ('MT', '51'),
    ('DF', '53'),
    ('ES', '32')
ON CONFLICT DO NOTHING;

INSERT INTO org_adm_mun VALUES
    ('3505906', '92.574.068/0001-00', 'Prefeitura da Estância Turística de Batatais', 'Trevo de das Neves', 9509, '14301-144', 'Batatais', 'SP'),
    ('3548906', '18.653.207/0001-20', 'Defesa Civil de São Carlos', 'Passarela Santos', 5710, '13001-301', 'São Carlos', 'SP'),
    ('3501905', '92.657.083/0001-04', 'Prefeitura de Amparo', 'Avenida Olivia Mendonça', 4953, '17456-090', 'Amparo', 'SP'),
    ('3550308', '51.840.276/0001-19', 'Órgão Gestor Ambiental de São Paulo', 'Conjunto de Pacheco', 7448, '11001-030', 'São Paulo', 'SP'),
    ('3106200', '30.618.594/0001-60', 'Gerência Ambiental de Belo Horizonte', 'Largo Moraes', 4052, '39910-305', 'Belo Horizonte', 'MG'),
    ('3146206', '43.061.298/0001-52', 'Prefeitura de Ouro Verde de Minas', 'Chácara Montenegro', 2949, '38402-110', 'Ouro Verde de Minas', 'MG'),
    ('3146107', '39.861.402/0001-16', 'Defesa Civil de Ouro Preto', 'Praça Pedro Novais', 2354, '39702-141', 'Ouro Preto', 'MG'),
    ('3304557', '29.086.354/0001-82', 'Administração Ambiental', 'Feira Erick Correia', 6806, '38010-112', 'Rio de Janeiro', 'RJ'),
    ('3306305', '12.736.805/0001-87', 'Prefeitura de Volta Redonda', 'Largo de Freitas', 4809, '21130-012', 'Volta Redonda', 'RJ'),
    ('3205309', '01.264.593/0001-66', 'Defesa Civil de Vitória', 'Aeroporto Leão', 2211, '29110-012', 'Vitória', 'ES'),
    ('2927408', '04.576.382/0001-57', 'Fiscalização Ambiental da Macrorregião de Salvador', 'Rua de Araújo', 7522, '43040-120', 'Salvador', 'BA'),
    ('2919306', '25.169.804/0001-40', 'Prefeitura de Lençóis', 'Passarela João Felipe Lopes', 1187, '49540-120', 'Lençóis', 'BA'),
    ('4208302', '97.581.432/0001-75', 'Prefeitura de Itapema', 'Quadra de da Mota', 6137, '88902-102', 'Itapema', 'SC'),
    ('4314902', '16.982.453/0001-09', 'Tribunal Regional de Porto Alegre', 'Feira da Costa', 1641, '92991-079', 'Porto Alegre', 'RS'),
    ('4205407', '40.932.671/0001-05', 'Prefeitura de Florianópolis', 'Vila de Costela', 3978, '88327-252', 'Florianópolis', 'SC'),
    ('4308250', '89.512.704/0001-57', 'Administração Ambiental', 'Ladeira Vieira', 7142, '98354-201',  'Floriano Peixoto', 'RS'),
    ('5300108', '58.247.031/0001-21', 'Gestão e Planejamento Ambiental de Brasília', 'Chácara Vinicius Casa Grande', 7905, '70001-021', 'Brasília', 'DF'),
    ('1302603', '25.683.971/0001-04', 'Defesa Civil de Manaus', 'Rua Carlos Eduardo Nunes', 8647, '69340-748', 'Manaus', 'AM'),
    ('4106902', '13.756.812/0001-34', 'Prefeitura de Curitiba', 'Avenida Marechal Rubens', 346, '86351-332', 'Curitiba', 'PR')
ON CONFLICT DO NOTHING;

INSERT INTO ent_fed (SELECT cod_ibge, 'mun' FROM org_adm_mun) ON CONFLICT DO NOTHING;
INSERT INTO ent_fed (SELECT cod_ibge, 'uf' FROM uf) ON CONFLICT DO NOTHING;

INSERT INTO empresa VALUES
    ('01.274.895', '2910-7/01', '1994-12-17', 'Melo', '207-0', '2024-06-23'),
    ('65.172.380', '6204-0/00', '1995-10-29', 'Machado', '204-6', '2021-03-03'),
    ('79.821.563', '4721-1/02', '1994-04-13', 'Nunes - ME', '230-5', '2021-03-18'),
    ('45.690.123', '4711-3/01', '2006-01-24', 'Carvalho Ltda.', '204-6', '2021-02-20'),
    ('27.401.593', '4711-3/02', '1995-07-24', 'Oliveira Pastor Ltda.', '399-9', '2022-09-01'),
    ('53.921.807', '6202-3/00', '2014-07-05', 'Novaes', '214-3', '2022-10-24'),
    ('13.690.872', '6209-1/00', '1992-06-17', 'Melo Fogaça S/A', '204-6', '2021-05-13'),
    ('09.723.145', '6319-4/00', '2001-11-12', 'Pereira Garcia S/A', '204-6', '2023-12-27'),
    ('51.360.297', '4731-8/00', '1997-01-31', 'Montenegro Siqueira Ltda.', '206-2', '2023-02-16'),
    ('18.024.935', '4511-1/01', '2015-10-26', 'da Cunha Fonseca S/A', '204-6', '2023-01-25'),
    ('64.087.915', '7810-8/00', '2008-04-29', 'Siqueira', '229-1', '2024-08-16'),
    ('48.912.037', '8630-5/01', '2009-10-18', 'Peixoto S.A.', '204-6', '2024-12-07'),
    ('12.905.674', '1011-2/01', '1993-01-29', 'Lima', '412-0', '2021-05-31'),
    ('71.498.635', '8610-1/01', '2013-09-22', 'Vasconcelos', '204-6', '2024-06-14'),
    ('39.605.871', '8622-4/00', '1997-09-16', 'Lopes da Cunha e Filhos', '204-6', '2023-02-27'),
    ('48.603.715', '8630-5/03', '1990-04-19', 'Ramos', '306-9', '2021-12-23'),
    ('20.978.635', '1091-1/01', '1996-05-09', 'Oliveira Melo S.A.', '204-6', '2024-01-29'),
    ('56.738.014', '8520-1/00', '2000-10-05', 'Nogueira - ME', '230-5', '2022-11-24'),
    ('75.893.062', '4711-3/02', '2011-02-10', 'Pacheco - ME', '230-5', '2022-12-15'),
    ('28.659.130', '6202-3/00', '2014-07-04', 'Porto S/A', '204-6', '2021-05-26'),
    ('33.738.001', '4711-3/02', '2011-01-12', 'Cachê Ltda', '306-9', '2023-01-02'),
    ('88.635.333', '4731-8/00', '2009-07-07', 'Machado S/A', '204-6', '2024-03-27')
ON CONFLICT DO NOTHING;

INSERT INTO filial VALUES
    ('01.274.895', '0001-23', 61, 'Sítio de Novais', 4534, '71158-954', '5300108'),
    ('01.274.895', '0001-40', 192, 'Campo Lavínia Azevedo', 9275, '15714-317', '3550308'),
    ('01.274.895', '0001-13', 141, 'Setor Pires', 1466, '35881-862', '3106200'),
    ('65.172.380', '0001-61', 5, 'Condomínio Azevedo', 31, '39630-513', '3106200'),
    ('65.172.380', '0001-53', 55, 'Viela Abreu', 3029, '31133-836', '3146107'),
    ('79.821.563', '0001-65', 115, 'Estrada de Cardoso', 5620, '02724-407', '3505906'),
    ('79.821.563', '0001-00', 58, 'Avenida João Abreu', 2070, '89771-584', '4205407'),
    ('79.821.563', '0001-99', 109, 'Esplanada Maria Júlia Dias', 3484, '89733-344', '4208302'),
    ('79.821.563', '0001-43', 44, 'Travessa Ravy Abreu', 6551, '28275-844', '3304557'),
    ('45.690.123', '0001-36', 129, 'Chácara Gustavo Henrique Porto', 8862, '69810-111', '1302603'),
    ('27.401.593', '0001-66', 6, 'Praia de Pacheco', 1215, '15777-927', '3548906'),
    ('53.921.807', '0001-18', 199, 'Residencial Cardoso', 2502, '97841-473', '4308250'),
    ('13.690.872', '0001-54', 92, 'Vereda Lima', 7701, '39743-888', '3146206'),
    ('13.690.872', '0001-09', 148, 'Estação Duarte', 2028, '34101-068', '3106200'),
    ('09.723.145', '0001-78', 112, 'Colônia Pacheco', 4071, '23514-347', '3306305'),
    ('09.723.145', '0001-93', 64, 'Estação Ana Luiza Monteiro', 3318, '86440-540', '4106902'),
    ('09.723.145', '0001-56', 58, 'Feira de Borges', 4228, '30505-616', '3146107'),
    ('51.360.297', '0001-43', 9, 'Distrito Eloah Barros', 6288, '15539-877', '3550308'),
    ('18.024.935', '0001-76', 23, 'Loteamento Freitas', 8290, '06991-211', '3550308'),
    ('64.087.915', '0001-27', 49, 'Vereda de Pastor', 6786, '11172-356', '3550308'),
    ('48.912.037', '0001-48', 186, 'Campo Ana Luiza Cirino', 9189, '14718-703', '3501905'),
    ('48.912.037', '0001-38', 162, 'Estrada de Alves', 5154, '10518-502', '3501905'),
    ('12.905.674', '0001-18', 198, 'Área Oliveira', 4851, '32174-516', '3106200'),
    ('71.498.635', '0001-06', 6, 'Trecho Amanda Rezende', 696, '10170-165', '3548906'),
    ('39.605.871', '0001-83', 60, 'Ladeira Pietro Sá', 7688, '80702-892', '4106902'),
    ('48.603.715', '0001-45', 106, 'Praia Davi Lucca da Luz', 3049, '36352-060', '3106200'),
    ('48.603.715', '0001-78', 75, 'Vila Gustavo Henrique Costela', 6509, '30119-515', '3146107'),
    ('20.978.635', '0001-10', 194, 'Via Correia', 5203, '37457-389', '3146206'),
    ('56.738.014', '0001-69', 175, 'Residencial Maya Rocha', 2645, '08204-147', '3505906'),
    ('75.893.062', '0001-33', 16, 'Jardim Liam Vargas', 4019, '96077-131', '4314902'),
    ('75.893.062', '0001-31', 176, 'Vale Teixeira', 4200, '88869-262', '4205407'),
    ('28.659.130', '0001-07', 199, 'Morro da Luz', 3080, '88180-390', '4205407'),
    ('33.738.001', '0001-77', 33, 'Alameda dos Peixes', 867, '43240-010', '2927408'),
    ('88.635.333', '0001-98', 21, 'Praça da Refração', 1341, '29345-188', '3205309')
ON CONFLICT DO NOTHING;

INSERT INTO organiz_socioamb VALUES
    ('35.179.804/0001-84', 'Pandas Sorridentes', 'Vale Borges', 2447, '03499-122', '3548906'),
    ('74.029.536/0001-76', 'WWF Brasil', 'Área Benjamim Nogueira', 9059, '07691-025', '3550308'),
    ('52.061.387/0001-90', 'EnxofreZero', 'Colônia Ana Beatriz Borges', 1461, '14275-290', '3548906'),
    ('37.186.429/0001-25', 'Recicla+', 'Pátio Albuquerque', 4823, '24318-646', '3304557'),
    ('68.532.497/0001-22', 'Inova', 'Rodovia Machado', 1867, '33849-208', '3146107'),
    ('20.594.183/0001-28', 'Anti-Shell', 'Jardim José Miguel Duarte', 8789, '31142-732', '3106200'),
    ('63.754.089/0001-00', 'Nature Collective', 'Alameda de Sá', 2223, '89476-628', '4205407'),
    ('07.219.354/0001-70', 'Associação Cultura Sustentável', 'Estação Silveira', 6514, '16936-879', '3505906'),
    ('64.253.970/0001-81', 'Metrosus', 'Feira de Rezende', 5499, '35274-763', '3106200'),
    ('14.679.502/0001-03', 'Acolhe Agora', 'Vila de Jesus', 8482, '69227-245', '1302603')
ON CONFLICT DO NOTHING;

INSERT INTO acao_co2 VALUES
    ('74.029.536/0001-76', '2020-06-21', 'Campanha de reflorestamento local', 0.0005, 130000.0, 24, 15, 6, 7, 70, 78),
    ('64.253.970/0001-81', '2025-04-10', 'Campanha de reflorestamento no Amazonas', 0.00702, 310000.0, 89, 91, 11, 9, 0, 0),
    ('74.029.536/0001-76', '2026-02-25', 'Incentivos de transporte sustentável', 0.0045, 50000, 27, 28, 22, 21, 51, 51),
    ('52.061.387/0001-90', '2024-08-26', 'Implantação de painéis solares em estabelecimentos públicos', 0.0005, 390000.0, 24, 34, 20, 25, 56, 41),
    ('68.532.497/0001-22', '2021-12-25', 'Compensação de emissões no transporte urbano', 0.00144, 50000, 77, 91, 18, 3, 5, 6),
    ('37.186.429/0001-25', '2021-03-21', 'Programa de neutralização de carbono logístico', 0.0005, 60000.0, 4, 17, 32, 25, 64, 58),
    ('63.754.089/0001-00', '2021-11-01', 'Mobilidade sustentável com baixa emissão', 0.0005, 50000, 66, 82, 32, 17, 2, 1),
    ('14.679.502/0001-03', '2022-11-12', 'Transporte coletivo carbono neutro', 0.00313, 150000.0, 66, 47, 10, 11, 24, 42),
    ('64.253.970/0001-81', '2020-03-22', 'Frota verde para redução de emissões', 0.00196, 60000.0, 69, 47, 6, 3, 25, 50),
    ('37.186.429/0001-25', '2022-06-02', 'Compensação de viagens corporativas', 0.0005, 150000.0, 87, 84, 13, 16, 0, 0),
    ('20.594.183/0001-28', '2025-01-07', 'Neutralização de emissões de entregas', 0.000513, 440000.0, 92, 72, 6, 17, 2, 11),
    ('68.532.497/0001-22', '2023-01-16', 'Corredores verdes de mobilidade', 0.000612, 300000.0, 92, 77, 8, 23, 0, 0),
    ('52.061.387/0001-90', '2021-12-16', 'Transporte limpo para comunidades', 0.0005, 290000.0, 54, 61, 4, 21, 42, 18),
    ('52.061.387/0001-90', '2023-11-04', 'Redução de carbono no deslocamento diário', 0.0005, 310000.0, 30, 28, 26, 27, 44, 45),
    ('64.253.970/0001-81', '2022-06-27', 'Geração comunitária de energia solar', 0.0005, 220000.0, 43, 32, 18, 41, 39, 27),
    ('74.029.536/0001-76', '2025-03-15', 'Energia renovável para todos', 0.0005, 100000.0, 97, 74, 3, 1, 0, 25),
    ('52.061.387/0001-90', '2022-04-07', 'Transição energética sustentável', 0.0005, 550000.0, 69, 73, 17, 5, 14, 22),
    ('14.679.502/0001-03', '2026-05-11', 'Eficiência energética em edificações', 0.0005, 110000.0, 24, 37, 2, 11, 74, 52),
    ('63.754.089/0001-00', '2025-04-04', 'Energia limpa para organizações sociais', 0.00125, 50000, 58, 82, 13, 4, 29, 14),
    ('35.179.804/0001-84', '2023-07-28', 'Compensação de emissões por energia renovável', 0.0005, 180000.0, 25, 30, 41, 17, 34, 53),
    ('14.679.502/0001-03', '2021-02-16', 'Modernização energética de baixo carbono', 0.00121, 150000.0, 61, 63, 35, 15, 4, 22),
    ('20.594.183/0001-28', '2022-03-18', 'Rede de energia solar comunitária', 0.0005, 340000.0, 4, 18, 87, 70, 9, 12),
    ('14.679.502/0001-03', '2020-02-10', 'Programa de economia de energia e carbono', 0.00153, 300000.0, 95, 71, 5, 19, 0, 10),
    ('74.029.536/0001-76', '2020-06-24', 'Substituição de fontes fósseis por renováveis', 0.00662, 180000.0, 25, 49, 37, 31, 38, 20),
    ('63.754.089/0001-00', '2023-12-04', 'Reciclagem solidária com compensação ambiental', 0.00857, 240000.0, 25, 9, 71, 80, 4, 11),
    ('35.179.804/0001-84', '2020-02-01', 'Gestão circular de resíduos urbanos', 0.0005, 490000.0, 30, 18, 0, 6, 70, 76),
    ('52.061.387/0001-90', '2021-06-26', 'Coleta seletiva para redução de carbono', 0.0005, 50000, 22, 3, 48, 61, 30, 36),
    ('74.029.536/0001-76', '2022-10-02', 'Reciclagem inclusiva e sustentável', 0.00121, 280000.0, 90, 96, 10, 4, 0, 0),
    ('52.061.387/0001-90', '2021-10-30', 'Valorização de resíduos para mitigação climática', 0.00398, 50000, 74, 52, 26, 44, 0, 4),
    ('74.029.536/0001-76', '2024-01-23', 'Economia circular em comunidades locais', 0.0005, 50000, 0, 10, 97, 75, 3, 15),
    ('74.029.536/0001-76', '2025-11-17', 'Reaproveitamento de materiais pós-consumo', 0.0005, 50000, 48, 46, 27, 19, 25, 35),
    ('37.186.429/0001-25', '2026-03-25', 'Programa de resíduos com baixa emissão', 0.0005, 50000.0, 76, 61, 18, 13, 6, 26),
    ('74.029.536/0001-76', '2020-06-26', 'Cadeia sustentável de reciclagem', 0.0005, 80000.0, 98, 88, 2, 3, 0, 9),
    ('37.186.429/0001-25', '2023-12-02', 'Transformação de resíduos em impacto positivo', 0.0005, 210000.0, 93, 85, 7, 15, 0, 0),
    ('64.253.970/0001-81', '2025-12-20', 'Reflorestamento para neutralização de carbono', 0.0005, 50000, 96, 98, 4, 2, 0, 0),
    ('52.061.387/0001-90', '2025-08-07', 'Recuperação de áreas degradadas e clima', 0.00201, 180000.0, 88, 79, 12, 2, 0, 19),
    ('63.754.089/0001-00', '2022-04-13', 'Corredores ecológicos para captura de carbono', 0.0005, 200000.0, 43, 32, 7, 13, 50, 55),
    ('68.532.497/0001-22', '2021-04-25', 'Plantio de árvores para compensação ambiental', 0.00363, 50000, 16, 20, 5, 26, 79, 54),
    ('68.532.497/0001-22', '2021-06-25', 'Conservação florestal e créditos de carbono', 0.0069, 230000.0, 37, 50, 22, 21, 41, 29),
    ('52.061.387/0001-90', '2021-06-23', 'Restauração de nascentes e sequestro de carbono', 0.0005, 330000.0, 57, 41, 0, 1, 43, 58),
    ('74.029.536/0001-76', '2023-10-17', 'Florestas comunitárias para o clima', 0.00151, 110000.0, 30, 52, 60, 46, 10, 2),
    ('68.532.497/0001-22', '2023-04-22', 'Recuperação da vegetação nativa', 0.0005, 80000.0, 91, 77, 9, 21, 0, 2),
    ('52.061.387/0001-90', '2021-09-22', 'Proteção de biomas e compensação climática', 0.0005, 330000.0, 90, 70, 10, 16, 0, 14),
    ('52.061.387/0001-90', '2023-11-20', 'Neutralização de emissões de eventos', 0.0207, 50000, 39, 40, 17, 39, 44, 21),
    ('52.061.387/0001-90', '2025-01-03', 'Compensação ambiental de operações organizacionais', 0.0005, 200000.0, 65, 46, 12, 35, 23, 19),
    ('14.679.502/0001-03', '2023-09-21', 'Ação climática para organizações sociais', 0.00647, 50000, 9, 16, 44, 39, 47, 45),
    ('07.219.354/0001-70', '2024-04-07', 'Gestão sustentável da pegada de carbono', 0.0005, 50000, 62, 37, 5, 29, 33, 34),
    ('63.754.089/0001-00', '2025-09-22', 'Programa integrado de mitigação climática', 0.00121, 150000.0, 65, 81, 28, 16, 7, 3)
ON CONFLICT DO NOTHING;

-- INSERT INTO vinc_contrib_co2 VALUES
--     ()
-- ON CONFLICT DO NOTHING;

-- INSERT INTO contrib_co2 VALUES
--     ()
-- ON CONFLICT DO NOTHING;

-- INSERT INTO hist_co2 VALUES
--     ()
-- ON CONFLICT DO NOTHING;

-- Obs. usamos o comando \copy do `psql` (roda no cliente) em vez do
-- comando `COPY` (que roda no servidor), pois este requer privilégios
-- de administrador e não permite caminhos relativos.
--
-- Obs. rode esse script de inserção na raiz do repositório, usando o `psql`.
--
-- Obs. DELETE está sendo usado para garantir idempotência do comando \copy.
DELETE FROM serv_nbs;
DELETE FROM prod_ncm;

\copy serv_nbs FROM 'db/nbs.csv' WITH DELIMITER AS ';' CSV HEADER;
\copy prod_ncm FROM 'db/ncm.csv' WITH DELIMITER AS ';' CSV HEADER;

INSERT INTO reg_leg VALUES
    ('3146206', 'if', 4079, 2015, '2026-12-22', NULL, '1.0901.51.24', NULL, NULL, NULL, 1.9794, 0.0067),
    ('43', 'if', 1553, 2016, '2017-05-04', NULL, NULL, '2921.19.12', NULL, NULL, 1.3134, 0.0105),
    ('4205407', 'if', 1880, 2022, '2020-10-17', NULL, NULL, '8528.49.90', NULL, NULL, 13.7124, 0.0198),
    ('4314902', 'multa', 2721, 2021, '2025-05-10', NULL, '1.0904.36.00', '0602.90.82', 103.82, 0.181, NULL, NULL),
    ('41', 'if', 79, 2015, '2025-02-03', '2029-06-15', NULL, NULL, NULL, NULL, 74.8158, 0.0444),
    ('43', 'if', 833, 2021, '2020-10-12', '2022-02-02', NULL, '4410.11.21', NULL, NULL, 2.7897, 0.0613),
    ('32', 'multa', 3680, 2018, '2019-03-21', NULL, NULL, '2836.20.10', 218.52, 0.1185, NULL, NULL),
    ('41', 'multa', 2540, 2022, '2026-06-18', NULL, NULL, NULL, 178.65, 0.2177, NULL, NULL),
    ('5300108', 'if', 2567, 2026, '2022-10-18', NULL, '1.0402.3', NULL, NULL, NULL, 1.0759, 0.0686),
    ('29', 'if', 1392, 2019, '2019-06-10', NULL, NULL, '1201.10.00', NULL, NULL, 2.5528, 0.0106),
    ('21', 'if', 2782, 2015, '2015-10-16', NULL, '1.0902.90.00', NULL, NULL, NULL, 2.3899, 0.0616),
    ('42', 'if', 477, 2016, '2016-09-01', NULL, '1.1106', '8439.10.30', NULL, NULL, 1.9072, 0.0197),
    ('3304557', 'if', 4982, 2024, '2016-01-21', NULL, NULL, NULL, NULL, NULL, 5.2632, 0.0305),
    ('3306305', 'multa', 4709, 2026, '2017-07-10', NULL, NULL, '0303.99.20', 8465.04, 0.1132, NULL, NULL),
    ('24', 'multa', 58, 2026, '2024-01-20', NULL, '1.2404.3', '5510.90.13', 171.73, 0.2315, NULL, NULL),
    ('3505906', 'if', 4355, 2019, '2020-12-17', NULL, '1.0105.60.00', '4411.12.90', NULL, NULL, 2.1594, 0.0307),
    ('13', 'if', 1743, 2020, '2016-05-28', NULL, '1.0401.49.00', '2841.90.19', NULL, NULL, 4.8178, 0.0101),
    ('4106902', 'multa', 3347, 2026, '2020-03-09', NULL, NULL, '2306.30.90', 147.88, 0.0266, NULL, NULL),
    ('26', 'if', 2922, 2026, '2015-11-15', NULL, NULL, NULL, NULL, NULL, 1.8352, 0.0433),
    ('5300108', 'if', 740, 2026, '2016-10-15', NULL, '1.1501.20.00', NULL, NULL, NULL, 2.8994, 0.0632),
    ('13', 'if', 3858, 2023, '2023-07-15', NULL, '1.0909', '3208.90.29', NULL, NULL, 2.5108, 0.017),
    ('3550308', 'if', 3527, 2021, '2021-09-18', NULL, '1.0102.53', NULL, NULL, NULL, 25.4094, 0.0065),
    ('32', 'multa', 4646, 2022, '2016-11-02', NULL, NULL, NULL, 157.75, 0.1506, NULL, NULL),
    ('32', 'if', 47, 2020, '2016-10-20', NULL, '1.1701.1', NULL, NULL, NULL, 1.0511, 0.0171),
    ('24', 'if', 3955, 2025, '2018-02-25', NULL, NULL, '9022.19.10', NULL, NULL, 3.034, 0.0448),
    ('31', 'multa', 3625, 2017, '2024-10-13', NULL, '1.0604.40.00', '2939.11.82', 11660.52, 0.1394, NULL, NULL),
    ('42', 'multa', 1478, 2021, '2026-11-16', NULL, NULL, NULL, 99.28, 0.0391, NULL, NULL),
    ('29', 'multa', 4744, 2017, '2023-06-12', NULL, NULL, '4907.00.90', 193.7, 0.23, NULL, NULL),
    ('33', 'multa', 4424, 2026, '2017-09-05', NULL, '1.0501.39.00', '1201.10.00', 161.18, 0.2278, NULL, NULL),
    ('3306305', 'if', 2424, 2020, '2026-02-01', NULL, '1.2403.2', '2914.71.00', NULL, NULL, 3.2313, 0.0768),
    ('31', 'if', 7, 2019, '2021-07-11', NULL, NULL, '8704.31.90', NULL, NULL, 4.3783, 0.0418),
    ('4208302', 'multa', 3992, 2017, '2025-10-17', '2026-01-22', '1.1405.50.00', NULL, 4917.53, 0.2452, NULL, NULL),
    ('3306305', 'if', 3032, 2024, '2016-07-21', NULL, '1.2001.40.00', NULL, NULL, NULL, 1.4436, 0.055),
    ('28', 'if', 2003, 2020, '2018-08-31', NULL, '1.0501.13.20', NULL, NULL, NULL, 5.5346, 0.0514),
    ('32', 'if', 2567, 2017, '2015-04-12', NULL, '1.1403.22', '5201.00.90', NULL, NULL, 15.6168, 0.0623),
    ('3106200', 'if', 3900, 2026, '2021-11-28', NULL, NULL, '2933.33.32', NULL, NULL, 2.2481, 0.0622),
    ('4205407', 'multa', 2946, 2016, '2019-03-04', NULL, '1.1509.00.00', '4007.00.1', 107.44, 0.2243, NULL, NULL),
    ('4205407', 'if', 1174, 2016, '2015-01-05', NULL, '1.0501.23', '8547.20.90', NULL, NULL, 2.9766, 0.0637),
    ('4208302', 'multa', 894, 2026, '2020-01-30', NULL, '1.1701.1', '0305.53.10', 165.73, 0.0432, NULL, NULL),
    ('26', 'multa', 3506, 2026, '2026-08-19', NULL, '1.0604.30.00', NULL, 248.12, 0.0827, NULL, NULL),
    ('41', 'multa', 3820, 2023, '2020-02-13', NULL, '1.1201.31.00', '8460.24.00', 44.91, 0.0457, NULL, NULL),
    ('41', 'if', 4506, 2019, '2023-11-04', NULL, NULL, NULL, NULL, NULL, 12.2463, 0.0513),
    ('3106200', 'multa', 1432, 2024, '2025-01-13', NULL, '1.1108.90.00', '8207.70.20', 179.75, 0.1431, NULL, NULL),
    ('3205309', 'multa', 2850, 2025, '2023-09-13', NULL, '1.1101.14.00', NULL, 100.68, 0.1998, NULL, NULL),
    ('3106200', 'multa', 4985, 2015, '2024-09-03', NULL, '1.0103', '8482.91.30', 102.11, 0.1689, NULL, NULL),
    ('3306305', 'if', 1877, 2026, '2016-05-02', NULL, '1.1803', NULL, NULL, NULL, 2.5444, 0.0196),
    ('26', 'if', 2460, 2022, '2016-12-19', '2017-07-12', NULL, '5603.12.40', NULL, NULL, 14.8856, 0.0339),
    ('29', 'multa', 3605, 2022, '2023-03-06', NULL, '1.1401', '7616.91.00', 78.7, 0.2173, NULL, NULL),
    ('29', 'if', 3396, 2022, '2019-01-27', NULL, NULL, NULL, NULL, NULL, 7.3352, 0.0474),
    ('3550308', 'if', 3010, 2022, '2024-12-16', '2030-10-07', NULL, NULL, NULL, NULL, 37.705, 0.0715),
    ('26', 'if', 1997, 2018, '2023-09-28', NULL, NULL, NULL, NULL, NULL, 161.5134, 0.007),
    ('3548906', 'multa', 2687, 2022, '2021-06-30', NULL, NULL, '0303.83.1', 1049.23, 0.1745, NULL, NULL),
    ('3146107', 'if', 564, 2019, '2018-02-14', NULL, NULL, NULL, NULL, NULL, 2.9293, 0.0524),
    ('42', 'if', 1635, 2017, '2016-12-08', NULL, NULL, '5211.32.00', NULL, NULL, 10.32, 0.0625),
    ('3106200', 'if', 2696, 2015, '2017-05-22', NULL, NULL, NULL, NULL, NULL, 2.263, 0.0211),
    ('5300108', 'multa', 4556, 2020, '2026-05-03', '2032-10-24', NULL, '3815.90.9', 88.55, 0.1554, NULL, NULL),
    ('3501905', 'if', 2243, 2016, '2022-10-07', NULL, NULL, NULL, NULL, NULL, 15.746, 0.0055),
    ('53', 'multa', 4803, 2022, '2025-08-25', NULL, '1.1409.2', '0303.39.00', 447.84, 0.1119, NULL, NULL),
    ('3106200', 'if', 3012, 2020, '2023-07-21', '2025-12-28', NULL, '2916.20.12', NULL, NULL, 3.9204, 0.0753),
    ('3501905', 'if', 1153, 2026, '2022-04-01', NULL, '1.1702.2', '3701.99.00', NULL, NULL, 5.4204, 0.0568),
    ('3106200', 'multa', 4005, 2019, '2017-03-18', NULL, NULL, '4005.10.10', 146.62, 0.2467, NULL, NULL),
    ('53', 'if', 4364, 2024, '2019-02-18', NULL, NULL, NULL, NULL, NULL, 0.6477, 0.05),
    ('4308250', 'if', 4799, 2022, '2017-09-26', NULL, '1.0106.32.00', NULL, NULL, NULL, 0.859, 0.0714),
    ('29', 'if', 1247, 2026, '2017-02-24', NULL, '1.0401.30.00', '8501.61.00', NULL, NULL, 1.258, 0.0306),
    ('4308250', 'if', 4067, 2016, '2020-04-23', NULL, NULL, '3003.10.13', NULL, NULL, 8.7169, 0.0098),
    ('4205407', 'if', 4168, 2015, '2020-03-19', '2025-01-30', NULL, NULL, NULL, NULL, 1.8309, 0.0461),
    ('41', 'if', 1829, 2026, '2022-09-05', '2024-01-22', '1.0403.33.00', NULL, NULL, NULL, 13.9905, 0.0504),
    ('24', 'if', 4350, 2021, '2023-05-06', '2023-08-28', NULL, NULL, NULL, NULL, 647.3389, 0.0428),
    ('3550308', 'multa', 741, 2025, '2020-01-26', '2024-08-30', '1.0504.31.00', NULL, 211.56, 0.0735, NULL, NULL),
    ('3548906', 'multa', 3977, 2017, '2021-09-22', NULL, NULL, '0804.20.20', 130.85, 0.2326, NULL, NULL),
    ('26', 'if', 2046, 2018, '2019-10-28', NULL, '1.1506.29.00', '8541.30.21', NULL, NULL, 3.4433, 0.0551),
    ('3501905', 'multa', 1610, 2017, '2016-12-30', NULL, NULL, NULL, 307.5, 0.1233, NULL, NULL),
    ('4308250', 'if', 1999, 2021, '2026-04-02', NULL, '1.1507.20.00', '2933.31.10', NULL, NULL, 4.1178, 0.0065),
    ('21', 'multa', 2785, 2016, '2020-09-29', NULL, NULL, NULL, 73.96, 0.0975, NULL, NULL),
    ('4208302', 'multa', 3885, 2018, '2025-07-01', NULL, NULL, '5306.20.00', 227.0, 0.1875, NULL, NULL),
    ('4314902', 'multa', 574, 2015, '2017-11-07', NULL, '1.1903', NULL, 130.06, 0.1164, NULL, NULL),
    ('43', 'multa', 190, 2017, '2023-04-12', NULL, '1.1403.22.12', '8433.30.00', 165.8, 0.2399, NULL, NULL),
    ('42', 'if', 878, 2018, '2019-06-16', NULL, '1.1106.33.00', NULL, NULL, NULL, 4.7879, 0.0215),
    ('3501905', 'multa', 4541, 2016, '2015-01-15', NULL, NULL, NULL, 187.75, 0.2232, NULL, NULL),
    ('3550308', 'if', 991, 2021, '2025-01-20', NULL, NULL, NULL, NULL, NULL, 3.3294, 0.0601),
    ('3550308', 'if', 3130, 2025, '2022-06-04', NULL, NULL, NULL, NULL, NULL, 1.8525, 0.0087),
    ('35', 'if', 4453, 2020, '2024-07-09', '2026-02-28', NULL, NULL, NULL, NULL, 4.499, 0.0658),
    ('13', 'multa', 600, 2021, '2017-02-23', NULL, '1.2001.50.00', '7806.00.10', 269.61, 0.0638, NULL, NULL),
    ('41', 'multa', 4054, 2016, '2016-07-10', NULL, '1.0102.69.00', '8708.10.00', 262.14, 0.0598, NULL, NULL),
    ('13', 'multa', 4751, 2016, '2021-03-21', NULL, NULL, '6104.52.00', 363.39, 0.1005, NULL, NULL),
    ('4205407', 'multa', 1804, 2023, '2015-12-02', NULL, NULL, '2937.90.40', 205.69, 0.1805, NULL, NULL),
    ('3505906', 'if', 2560, 2015, '2015-03-20', '2021-02-01', NULL, '3003.20.21', NULL, NULL, 3.6828, 0.002),
    ('42', 'if', 21, 2017, '2021-09-10', '2028-04-06', NULL, NULL, NULL, NULL, 3.6605, 0.0147),
    ('42', 'multa', 160, 2022, '2023-08-10', NULL, NULL, NULL, 163.15, 0.0611, NULL, NULL),
    ('3146206', 'multa', 4105, 2026, '2016-06-30', NULL, '1.0404.20.00', NULL, 143.24, 0.0918, NULL, NULL),
    ('33', 'if', 2301, 2024, '2018-11-15', NULL, '1.1402.2', NULL, NULL, NULL, 8.7468, 0.0775),
    ('41', 'if', 661, 2021, '2022-03-29', NULL, NULL, '3003.20.41', NULL, NULL, 1.2507, 0.05),
    ('3146206', 'multa', 1099, 2023, '2021-09-16', NULL, NULL, '2524.90.00', 118.31, 0.0231, NULL, NULL),
    ('33', 'multa', 3137, 2022, '2025-10-10', NULL, '1.2002.40.00', NULL, 987.51, 0.2151, NULL, NULL),
    ('3501905', 'multa', 748, 2016, '2020-05-03', '2026-08-06', NULL, NULL, 205.37, 0.236, NULL, NULL),
    ('4308250', 'if', 1887, 2024, '2015-07-20', NULL, NULL, NULL, NULL, NULL, 1.8172, 0.0365),
    ('3505906', 'multa', 4763, 2026, '2026-11-23', NULL, '1.1201.3', '8207.90.00', 126.77, 0.1993, NULL, NULL),
    ('1302603', 'if', 2791, 2021, '2019-08-27', NULL, '1.0401.17', NULL, NULL, NULL, 3.4403, 0.0572),
    ('4208302', 'if', 2831, 2019, '2017-10-16', NULL, '1.2301.94.00', '8471.60.6', NULL, NULL, 10.6064, 0.0266),
    ('5300108', 'if', 1535, 2018, '2026-03-10', NULL, '1.2502.10.00', NULL, NULL, NULL, 3.9917, 0.0642),
    ('31', 'multa', 4281, 2015, '2015-03-06', NULL, NULL, '2933.91.1', 118.87, 0.1309, NULL, NULL),
    ('24', 'multa', 4818, 2021, '2025-11-26', NULL, NULL, '2930.90.8', 348.19, 0.0849, NULL, NULL),
    ('3550308', 'multa', 2985, 2021, '2015-03-13', NULL, NULL, NULL, 417.96, 0.1347, NULL, NULL),
    ('3501905', 'if', 3990, 2026, '2024-10-23', NULL, NULL, NULL, NULL, NULL, 2.1327, 0.0688),
    ('3548906', 'multa', 4883, 2022, '2017-04-02', NULL, '1.0904.36.00', '7107.00.00', 200.81, 0.0279, NULL, NULL),
    ('3106200', 'if', 3149, 2022, '2026-01-31', '2031-05-03', NULL, NULL, NULL, NULL, 6.9817, 0.0155),
    ('3205309', 'multa', 995, 2023, '2017-07-04', NULL, '1.2601.90.00', '5603.14.40', 146.07, 0.1847, NULL, NULL),
    ('4205407', 'if', 3598, 2026, '2018-02-09', NULL, '1.1404.49.00', '2922.50.3', NULL, NULL, 326.3382, 0.0117),
    ('33', 'multa', 2000, 2015, '2024-04-25', '2028-07-03', NULL, NULL, 425.38, 0.1122, NULL, NULL),
    ('4314902', 'multa', 2080, 2018, '2022-10-16', NULL, NULL, '9007.10.00', 32.43, 0.0592, NULL, NULL),
    ('43', 'multa', 2040, 2021, '2023-01-23', NULL, NULL, '2306.90.10', 118.0, 0.159, NULL, NULL),
    ('3550308', 'if', 502, 2024, '2021-06-19', '2023-07-05', '1.0301.31.00', '2933.33.3', NULL, NULL, 7.0483, 0.0443),
    ('1302603', 'if', 1499, 2017, '2015-05-28', NULL, '1.1403.27.00', NULL, NULL, NULL, 6.4479, 0.0579),
    ('5300108', 'if', 2147, 2020, '2024-06-28', '2030-08-10', NULL, '2922.31.20', NULL, NULL, 0.8871, 0.0061),
    ('4205407', 'multa', 1709, 2026, '2026-07-05', NULL, NULL, NULL, 141.97, 0.1635, NULL, NULL),
    ('33', 'if', 590, 2019, '2015-07-18', NULL, NULL, '9403.50.00', NULL, NULL, 3.9594, 0.0365),
    ('32', 'multa', 713, 2017, '2025-03-22', NULL, NULL, NULL, 1854.61, 0.1352, NULL, NULL),
    ('3205309', 'multa', 1926, 2023, '2016-11-09', NULL, NULL, '2101.20.20', 98.46, 0.2462, NULL, NULL),
    ('51', 'if', 2872, 2023, '2015-12-18', NULL, '1.0301.21.00', '2921.51.90', NULL, NULL, 3.0301, 0.0548),
    ('35', 'multa', 3949, 2024, '2016-08-13', '2023-02-02', NULL, '8467.11.90', 193.03, 0.2115, NULL, NULL),
    ('3548906', 'if', 1458, 2022, '2026-10-11', NULL, NULL, NULL, NULL, NULL, 1.314, 0.0378),
    ('21', 'if', 1058, 2019, '2020-11-22', NULL, '1.1302.21.00', NULL, NULL, NULL, 2.3049, 0.0741),
    ('26', 'multa', 1067, 2018, '2023-08-01', NULL, NULL, '0410.90.00', 164.74, 0.1656, NULL, NULL),
    ('3501905', 'multa', 1736, 2022, '2016-02-11', NULL, '1.0401.17.20', NULL, 119.68, 0.0161, NULL, NULL),
    ('53', 'multa', 676, 2015, '2015-09-30', NULL, '1.0501.23.10', '7601.10.00', 134.69, 0.0595, NULL, NULL),
    ('2927408', 'if', 3628, 2017, '2018-04-07', NULL, '1.0502.11.30', '3003.20.49', NULL, NULL, 125.2315, 0.0711),
    ('3505906', 'if', 2867, 2025, '2017-03-12', '2022-09-22', '1.0401.17.20', '3004.90.74', NULL, NULL, 6.7514, 0.0343),
    ('2919306', 'multa', 1500, 2016, '2017-07-28', NULL, NULL, NULL, 470.71, 0.1851, NULL, NULL),
    ('24', 'if', 3953, 2022, '2015-04-27', NULL, NULL, NULL, NULL, NULL, 4.5326, 0.0632),
    ('29', 'multa', 4725, 2026, '2021-11-06', NULL, '1.1805.19.00', NULL, 102.71, 0.1316, NULL, NULL),
    ('3306305', 'if', 347, 2024, '2023-07-16', NULL, NULL, '3004.90.94', NULL, NULL, 4.6477, 0.0548),
    ('43', 'if', 4362, 2019, '2020-05-05', NULL, NULL, '5701.10.12', NULL, NULL, 68.6836, 0.076),
    ('28', 'if', 4446, 2020, '2015-07-16', NULL, NULL, NULL, NULL, NULL, 3.6024, 0.0193),
    ('4205407', 'multa', 2477, 2018, '2026-10-30', NULL, NULL, NULL, 95.39, 0.1375, NULL, NULL),
    ('53', 'if', 4010, 2025, '2025-10-21', NULL, NULL, NULL, NULL, NULL, 3.1883, 0.0309),
    ('3106200', 'if', 1317, 2022, '2016-11-17', NULL, '1.0502.32', '6003.40.00', NULL, NULL, 2.4619, 0.0677),
    ('31', 'multa', 3121, 2024, '2022-06-19', '2026-12-11', NULL, '2608.00.10', 548.03, 0.2388, NULL, NULL),
    ('28', 'if', 659, 2021, '2019-05-11', NULL, '1.1701.52.00', '2520.10.1', NULL, NULL, 6.2424, 0.0311),
    ('3146206', 'multa', 875, 2019, '2025-06-26', NULL, NULL, NULL, 149.81, 0.1017, NULL, NULL),
    ('51', 'if', 237, 2025, '2025-03-31', NULL, NULL, '3004.90.61', NULL, NULL, 3.932, 0.0014),
    ('3501905', 'if', 3775, 2019, '2025-03-04', NULL, NULL, '2933.49.20', NULL, NULL, 0.6162, 0.0783),
    ('4106902', 'if', 3058, 2023, '2022-01-26', NULL, '1.0905.2', '0504.00.1', NULL, NULL, 21.2721, 0.064),
    ('13', 'multa', 3233, 2016, '2025-02-27', NULL, '1.0103.30.00', NULL, 2612.75, 0.0405, NULL, NULL),
    ('41', 'if', 134, 2026, '2015-02-26', NULL, NULL, '0306.99.10', NULL, NULL, 1.2919, 0.0654),
    ('53', 'if', 2054, 2019, '2020-12-29', NULL, '1.2403', NULL, NULL, NULL, 2.4002, 0.0156),
    ('28', 'multa', 3157, 2016, '2017-04-01', NULL, NULL, NULL, 16993.12, 0.2076, NULL, NULL),
    ('26', 'multa', 1389, 2016, '2015-06-29', NULL, '1.1802.40.00', '8306.30.00', 177.79, 0.0468, NULL, NULL),
    ('31', 'multa', 3184, 2021, '2026-07-08', NULL, NULL, '9506.31.00', 94.07, 0.1698, NULL, NULL),
    ('29', 'if', 817, 2018, '2026-08-17', '2028-04-11', '1.2003.24.00', '2922.41.10', NULL, NULL, 5.9105, 0.0632),
    ('21', 'multa', 1076, 2026, '2017-07-23', NULL, '1.0107.50.00', NULL, 241.08, 0.1512, NULL, NULL),
    ('3146107', 'multa', 1509, 2017, '2016-03-24', NULL, NULL, '2919.10.00', 181.69, 0.0499, NULL, NULL),
    ('2919306', 'if', 2527, 2017, '2026-04-16', NULL, '1.0102.13.00', '8540.81.00', NULL, NULL, 5.156, 0.0123),
    ('3548906', 'multa', 3332, 2021, '2016-05-04', NULL, NULL, '8105.90.10', 60.71, 0.1346, NULL, NULL),
    ('4205407', 'multa', 1094, 2023, '2018-08-27', NULL, '1.2002.90.00', NULL, 112.51, 0.1196, NULL, NULL),
    ('5300108', 'if', 3940, 2021, '2017-02-13', NULL, NULL, NULL, NULL, NULL, 24.773, 0.0123),
    ('3205309', 'if', 63, 2025, '2021-01-05', NULL, '1.0604.40.00', NULL, NULL, NULL, 2.5872, 0.0291),
    ('21', 'multa', 2608, 2016, '2021-11-19', '2023-09-14', NULL, '4106.31.10', 180.56, 0.0525, NULL, NULL),
    ('5300108', 'if', 2466, 2015, '2025-08-26', NULL, NULL, '4011.50.00', NULL, NULL, 0.9924, 0.0588),
    ('3106200', 'if', 72, 2015, '2022-12-20', NULL, NULL, '8467.11.10', NULL, NULL, 9.4703, 0.0042),
    ('28', 'if', 1956, 2022, '2015-06-21', '2021-11-27', NULL, '5704.20.00', NULL, NULL, 6.3024, 0.0125),
    ('3205309', 'multa', 800, 2025, '2015-08-31', NULL, NULL, NULL, 96.28, 0.105, NULL, NULL),
    ('3306305', 'if', 733, 2022, '2026-01-05', '2027-05-18', NULL, NULL, NULL, NULL, 21.065, 0.0289),
    ('3306305', 'if', 2173, 2019, '2016-07-02', NULL, '1.1301', '8418.69.91', NULL, NULL, 7.8561, 0.0506),
    ('1302603', 'if', 3047, 2024, '2025-12-29', NULL, NULL, NULL, NULL, NULL, 2.6512, 0.0064),
    ('3146107', 'if', 744, 2016, '2025-03-14', NULL, NULL, NULL, NULL, NULL, 45.7596, 0.0536),
    ('3106200', 'if', 4623, 2015, '2016-06-05', '2022-09-17', '1.0103.20.00', '2939.11.91', NULL, NULL, 2.1998, 0.0232),
    ('2919306', 'if', 1567, 2025, '2026-08-30', NULL, NULL, '0305.32.90', NULL, NULL, 1.2492, 0.0351),
    ('5300108', 'if', 2917, 2015, '2020-12-06', '2025-04-08', '1.1201.11.00', '8482.40.00', NULL, NULL, 5.4653, 0.0751),
    ('3106200', 'if', 781, 2023, '2020-02-10', NULL, NULL, '9030.39.10', NULL, NULL, 5.2216, 0.0202),
    ('29', 'multa', 577, 2021, '2022-02-16', NULL, '1.1403.27.00', '8464.90.90', 6430.25, 0.0248, NULL, NULL),
    ('21', 'multa', 674, 2017, '2023-03-25', NULL, NULL, NULL, 104.37, 0.0268, NULL, NULL),
    ('21', 'if', 969, 2022, '2022-10-02', NULL, NULL, NULL, NULL, NULL, 4.3278, 0.0512),
    ('32', 'if', 91, 2020, '2018-03-23', NULL, '1.1703.3', '6402.99.90', NULL, NULL, 92.2026, 0.0684),
    ('4208302', 'if', 3192, 2019, '2019-08-15', NULL, NULL, NULL, NULL, NULL, 0.7969, 0.0072),
    ('28', 'multa', 1544, 2021, '2021-04-23', NULL, '1.0403.22.00', NULL, 65.2, 0.1613, NULL, NULL),
    ('4205407', 'multa', 4434, 2024, '2024-12-26', NULL, '1.2301.95.00', '5204.11.3', 194.93, 0.1611, NULL, NULL),
    ('51', 'if', 4652, 2018, '2024-05-16', NULL, '1.0504.44.00', '3804.00.1', NULL, NULL, 66.9046, 0.0617),
    ('3306305', 'if', 4312, 2025, '2021-08-05', NULL, NULL, NULL, NULL, NULL, 10.8373, 0.0689),
    ('3106200', 'multa', 1485, 2019, '2018-06-18', NULL, NULL, NULL, 119.42, 0.1124, NULL, NULL),
    ('53', 'multa', 78, 2016, '2023-11-24', NULL, '1.0901.51.22', '3808.94.11', 387.98, 0.1478, NULL, NULL),
    ('3106200', 'if', 4852, 2020, '2021-11-21', NULL, '1.1104.90.00', NULL, NULL, NULL, 11.3435, 0.012),
    ('3146107', 'multa', 4922, 2024, '2025-04-03', NULL, '1.1806.53.00', NULL, 2327.37, 0.1073, NULL, NULL),
    ('26', 'multa', 2186, 2024, '2025-01-12', NULL, NULL, '2105.00.90', 237.58, 0.1803, NULL, NULL),
    ('3505906', 'multa', 422, 2015, '2026-03-06', NULL, '1.0902.40.00', '6005.42.00', 184.77, 0.0158, NULL, NULL),
    ('13', 'multa', 2375, 2026, '2022-11-14', NULL, '1.0503.25.00', '8414.59.90', 76.11, 0.0358, NULL, NULL),
    ('3501905', 'multa', 763, 2021, '2022-01-05', NULL, '1.16', NULL, 247.54, 0.1168, NULL, NULL),
    ('51', 'if', 2011, 2022, '2017-09-11', NULL, '1.0504.13.00', NULL, NULL, NULL, 6.9297, 0.0681),
    ('4205407', 'if', 538, 2016, '2018-02-01', '2019-03-13', NULL, NULL, NULL, NULL, 3.6512, 0.0347),
    ('3146107', 'multa', 4009, 2015, '2024-05-18', NULL, '1.1101.13.00', NULL, 151.48, 0.0501, NULL, NULL),
    ('51', 'if', 4361, 2025, '2021-12-08', NULL, NULL, '2912.19.23', NULL, NULL, 1.1063, 0.0693),
    ('13', 'multa', 386, 2025, '2026-03-02', NULL, NULL, '0303.57.00', 166.39, 0.1243, NULL, NULL),
    ('4314902', 'if', 710, 2020, '2026-06-24', NULL, NULL, NULL, NULL, NULL, 10.4561, 0.0176),
    ('33', 'if', 4740, 2020, '2022-06-09', NULL, NULL, NULL, NULL, NULL, 0.877, 0.0454),
    ('31', 'if', 2716, 2019, '2018-04-10', '2019-04-21', NULL, '8459.69.00', NULL, NULL, 2.1323, 0.0444),
    ('13', 'if', 47, 2016, '2019-07-17', NULL, NULL, NULL, NULL, NULL, 3.5864, 0.0788),
    ('3306305', 'multa', 1454, 2019, '2020-12-10', NULL, '1.1404.42.00', '3003.20.69', 72.63, 0.1394, NULL, NULL),
    ('4106902', 'multa', 4785, 2020, '2022-11-10', NULL, '1.1805.31.00', '7202.60.00', 118.32, 0.1342, NULL, NULL),
    ('3146206', 'multa', 560, 2025, '2026-06-05', NULL, '1.1803.10.00', '8446.10.10', 154.88, 0.0233, NULL, NULL),
    ('3146107', 'if', 3184, 2016, '2016-01-18', NULL, '1.1806.10.00', NULL, NULL, NULL, 3.7667, 0.037),
    ('3505906', 'multa', 1542, 2018, '2015-11-12', '2017-01-24', '1.0202.00.00', NULL, 9869.43, 0.0537, NULL, NULL),
    ('3505906', 'if', 1499, 2021, '2018-09-20', NULL, NULL, '2933.33.6', NULL, NULL, 60.8629, 0.0015),
    ('2927408', 'if', 3943, 2017, '2015-05-04', NULL, NULL, '8422.20.00', NULL, NULL, 5.7838, 0.0752),
    ('29', 'if', 2799, 2018, '2021-01-08', NULL, '1.2401.00.00', NULL, NULL, NULL, 2.3451, 0.0324),
    ('42', 'multa', 3445, 2025, '2022-10-14', NULL, '1.1806.39.00', '2933.33.3', 51.65, 0.201, NULL, NULL),
    ('3146206', 'multa', 1719, 2020, '2017-01-02', NULL, '1.0401.12.90', NULL, 144.54, 0.0756, NULL, NULL),
    ('35', 'if', 3696, 2017, '2016-08-09', NULL, NULL, '2941.90.81', NULL, NULL, 4.407, 0.0744),
    ('42', 'multa', 3778, 2026, '2021-05-13', NULL, NULL, NULL, 316.2, 0.0915, NULL, NULL),
    ('3306305', 'if', 4469, 2022, '2023-06-03', NULL, NULL, '8528.71.1', NULL, NULL, 2.322, 0.0437),
    ('24', 'multa', 1782, 2023, '2022-10-23', '2027-10-25', NULL, '2914.62.00', 114.13, 0.077, NULL, NULL),
    ('28', 'if', 3313, 2017, '2026-10-31', NULL, NULL, NULL, NULL, NULL, 40.9759, 0.0088),
    ('4208302', 'multa', 3012, 2015, '2018-06-06', NULL, '1.0401.21', '7308.30.00', 79.46, 0.0588, NULL, NULL),
    ('4208302', 'if', 4059, 2020, '2017-12-13', NULL, NULL, '3506.91.10', NULL, NULL, 7.1093, 0.0356),
    ('35', 'if', 1436, 2024, '2025-12-26', NULL, NULL, NULL, NULL, NULL, 4.1006, 0.0283),
    ('4208302', 'multa', 3840, 2025, '2026-10-17', NULL, '1.1703.92.00', NULL, 120.67, 0.1825, NULL, NULL),
    ('4308250', 'if', 1495, 2019, '2016-06-10', NULL, '1.1703.9', '6809.11.00', NULL, NULL, 3.0159, 0.0781),
    ('31', 'if', 341, 2026, '2021-01-26', NULL, NULL, '6115.10.9', NULL, NULL, 4.2893, 0.0721),
    ('3501905', 'if', 4380, 2026, '2026-05-17', NULL, NULL, NULL, NULL, NULL, 6.7442, 0.0233),
    ('2919306', 'if', 2462, 2025, '2017-01-15', NULL, '1.1505.00.00', '9030.40.10', NULL, NULL, 13.1985, 0.0682),
    ('4205407', 'multa', 2668, 2020, '2026-06-25', NULL, NULL, NULL, 404.73, 0.1292, NULL, NULL),
    ('3306305', 'multa', 3534, 2016, '2016-06-23', NULL, '1.0604.90.00', '5113.00.20', 249.32, 0.1691, NULL, NULL),
    ('53', 'multa', 1513, 2024, '2016-05-06', NULL, NULL, NULL, 86.9, 0.1342, NULL, NULL),
    ('3304557', 'if', 1773, 2023, '2020-11-25', NULL, NULL, NULL, NULL, NULL, 8.5037, 0.0493),
    ('4308250', 'if', 3773, 2016, '2021-12-01', NULL, '1.2302.21.00', '9603.90.00', NULL, NULL, 7.0071, 0.0559),
    ('3550308', 'multa', 1983, 2022, '2019-07-06', '2025-05-19', NULL, NULL, 247.16, 0.2474, NULL, NULL),
    ('3306305', 'multa', 2410, 2018, '2020-06-16', NULL, '1.1403.24.00', NULL, 199.72, 0.1808, NULL, NULL),
    ('28', 'multa', 1372, 2023, '2022-09-27', NULL, '1.0107.50.00', '2926.90.24', 244.4, 0.0442, NULL, NULL),
    ('3146206', 'multa', 2230, 2015, '2024-10-19', '2027-02-11', NULL, NULL, 215.6, 0.0958, NULL, NULL),
    ('43', 'multa', 2376, 2022, '2015-03-29', NULL, NULL, '3801.90.00', 239.92, 0.0173, NULL, NULL),
    ('3146107', 'multa', 4603, 2019, '2018-04-13', NULL, NULL, NULL, 216.49, 0.1629, NULL, NULL),
    ('43', 'if', 4973, 2024, '2026-10-07', NULL, '1.2204.20.00', NULL, NULL, NULL, 1.0876, 0.0161),
    ('28', 'if', 3798, 2026, '2019-10-25', '2025-08-14', '1.1404', '8523.29.1', NULL, NULL, 1.1047, 0.0571),
    ('3505906', 'multa', 3277, 2017, '2021-05-29', NULL, '1.0102.35', NULL, 44.18, 0.0972, NULL, NULL),
    ('5300108', 'if', 385, 2016, '2021-12-13', NULL, '1.0503.11.00', '3203.00.29', NULL, NULL, 1.2217, 0.0535),
    ('32', 'multa', 4878, 2019, '2015-03-08', '2018-01-07', NULL, NULL, 515.19, 0.1531, NULL, NULL),
    ('41', 'if', 2404, 2017, '2015-11-08', NULL, NULL, NULL, NULL, NULL, 2.5016, 0.0343),
    ('51', 'if', 1622, 2024, '2021-05-16', NULL, NULL, NULL, NULL, NULL, 3.9195, 0.076),
    ('29', 'multa', 1351, 2020, '2025-05-06', NULL, '1.1402.13.00', NULL, 119.72, 0.1247, NULL, NULL),
    ('3146107', 'if', 2419, 2020, '2021-03-08', NULL, '1.0911.00.00', NULL, NULL, NULL, 1.147, 0.0446),
    ('3304557', 'if', 3853, 2021, '2025-05-22', NULL, '1.2001.3', '8711.90.00', NULL, NULL, 5.1882, 0.0064),
    ('26', 'if', 840, 2016, '2021-06-13', NULL, NULL, '2918.11.00', NULL, NULL, 1.5581, 0.0332),
    ('33', 'multa', 1888, 2024, '2016-10-02', NULL, NULL, '8302.30.00', 47.22, 0.1815, NULL, NULL),
    ('3146107', 'multa', 3326, 2023, '2025-08-22', '2031-03-12', '1.2201.30.00', NULL, 656.93, 0.0513, NULL, NULL),
    ('3146107', 'if', 1651, 2021, '2020-09-26', NULL, NULL, '2921.44.22', NULL, NULL, 12.394, 0.0423),
    ('29', 'multa', 3355, 2026, '2015-07-27', NULL, '1.1501', NULL, 34.67, 0.0438, NULL, NULL),
    ('29', 'if', 337, 2021, '2021-08-30', NULL, NULL, '3003.90.8', NULL, NULL, 3.0888, 0.058),
    ('2919306', 'if', 1301, 2017, '2021-07-02', '2022-07-04', NULL, NULL, NULL, NULL, 56.0858, 0.0271),
    ('3146107', 'if', 1606, 2020, '2017-04-14', NULL, '1.0402.11.90', NULL, NULL, NULL, 11.6876, 0.0413),
    ('43', 'if', 242, 2018, '2020-02-18', '2024-05-30', NULL, '0705.11.00', NULL, NULL, 6.8694, 0.0464),
    ('4314902', 'if', 2197, 2017, '2026-02-21', NULL, '1.0903.1', '2939.79.1', NULL, NULL, 6.647, 0.0344),
    ('2919306', 'if', 2985, 2020, '2019-09-12', NULL, '1.1404.22.00', NULL, NULL, NULL, 5.5347, 0.0384),
    ('13', 'if', 1262, 2017, '2019-01-06', NULL, NULL, NULL, NULL, NULL, 6.191, 0.0728),
    ('3146206', 'multa', 1057, 2021, '2025-01-06', NULL, NULL, NULL, 222.9, 0.2154, NULL, NULL),
    ('51', 'if', 941, 2024, '2021-01-23', NULL, '1.0403.19.00', '0302.89.41', NULL, NULL, 5.6254, 0.0547),
    ('28', 'multa', 4855, 2025, '2022-12-01', NULL, NULL, '4704.29.00', 374.84, 0.118, NULL, NULL),
    ('53', 'if', 135, 2017, '2018-03-27', NULL, NULL, NULL, NULL, NULL, 1.3009, 0.0104),
    ('3550308', 'if', 3651, 2017, '2018-10-31', NULL, NULL, '7317.00.90', NULL, NULL, 2.4557, 0.0432),
    ('3548906', 'if', 2029, 2021, '2015-03-04', NULL, '1.0502.13.20', NULL, NULL, NULL, 2.2291, 0.0192),
    ('24', 'if', 4242, 2016, '2016-05-12', NULL, NULL, '5107.10.1', NULL, NULL, 3.2731, 0.0014),
    ('3205309', 'multa', 4926, 2022, '2017-12-05', NULL, '1.0901.22.00', NULL, 110.79, 0.1195, NULL, NULL),
    ('33', 'multa', 596, 2017, '2020-06-28', NULL, NULL, NULL, 121.78, 0.0603, NULL, NULL),
    ('53', 'if', 4882, 2022, '2020-11-03', NULL, NULL, NULL, NULL, NULL, 0.7727, 0.049),
    ('41', 'if', 3797, 2015, '2015-04-24', NULL, NULL, NULL, NULL, NULL, 3.2865, 0.009),
    ('3146206', 'if', 116, 2018, '2026-12-15', NULL, '1.0901.51.22', '2933.32.00', NULL, NULL, 1.8391, 0.0198),
    ('28', 'multa', 4992, 2024, '2019-01-29', NULL, NULL, '8407.29.10', 93.78, 0.1391, NULL, NULL),
    ('5300108', 'multa', 1927, 2026, '2015-05-24', NULL, NULL, '7210.41.10', 75.76, 0.2266, NULL, NULL),
    ('3146107', 'multa', 2678, 2024, '2019-11-26', NULL, '1.2301.21.00', '9608.91.00', 159.72, 0.061, NULL, NULL),
    ('3146206', 'if', 2300, 2023, '2022-04-05', '2023-03-30', NULL, NULL, NULL, NULL, 1.8129, 0.0309),
    ('3501905', 'multa', 963, 2025, '2024-03-18', NULL, NULL, '6812.99.90', 60.23, 0.0768, NULL, NULL),
    ('42', 'if', 3755, 2025, '2021-02-01', NULL, NULL, NULL, NULL, NULL, 4.6179, 0.0605),
    ('3106200', 'multa', 3056, 2015, '2022-02-02', NULL, NULL, NULL, 105.49, 0.2078, NULL, NULL),
    ('3306305', 'multa', 265, 2022, '2018-02-15', NULL, '1.1801', NULL, 117.68, 0.2352, NULL, NULL),
    ('24', 'if', 2035, 2023, '2022-04-20', NULL, '1.1101.60.00', '2933.99.3', NULL, NULL, 0.9429, 0.0132),
    ('3205309', 'if', 3647, 2019, '2021-08-09', NULL, NULL, NULL, NULL, NULL, 9.1054, 0.0242),
    ('26', 'multa', 871, 2019, '2017-10-23', NULL, '1.0605.40.00', '3004.50.50', 2444.89, 0.2165, NULL, NULL),
    ('31', 'multa', 1371, 2020, '2015-03-25', NULL, '1.0401.11', NULL, 269.28, 0.2177, NULL, NULL),
    ('4308250', 'multa', 4843, 2015, '2018-05-15', NULL, NULL, NULL, 72.29, 0.0797, NULL, NULL),
    ('53', 'multa', 1851, 2021, '2026-08-03', NULL, NULL, NULL, 61.74, 0.1791, NULL, NULL),
    ('3501905', 'multa', 662, 2022, '2018-02-06', NULL, '1.0105.22.00', '3003.90.2', 91.9, 0.1426, NULL, NULL),
    ('4106902', 'multa', 3704, 2023, '2026-08-01', '2027-03-17', '1.1409', '6601.91.90', 82.88, 0.0803, NULL, NULL),
    ('4314902', 'multa', 377, 2018, '2023-06-18', NULL, NULL, '3907.10.20', 187.45, 0.1578, NULL, NULL),
    ('1302603', 'if', 4108, 2021, '2023-02-08', NULL, '1.2404.22.00', '3005.90.1', NULL, NULL, 14.0465, 0.0608),
    ('3306305', 'if', 2141, 2023, '2015-03-29', '2016-10-28', NULL, NULL, NULL, NULL, 4.1317, 0.0213),
    ('43', 'if', 4145, 2021, '2023-01-08', NULL, '1.2503.10.00', '2933.19.11', NULL, NULL, 11.4265, 0.036),
    ('35', 'if', 1128, 2022, '2015-04-22', NULL, NULL, NULL, NULL, NULL, 1.307, 0.0499),
    ('4308250', 'multa', 899, 2017, '2015-11-05', NULL, '1.0102.1', '8461.50.90', 63.95, 0.1321, NULL, NULL),
    ('13', 'if', 4148, 2016, '2020-09-24', NULL, NULL, '3827.69.00', NULL, NULL, 2.141, 0.0575),
    ('42', 'multa', 4050, 2017, '2019-04-19', '2024-11-06', NULL, '8455.21.90', 131.2, 0.0673, NULL, NULL),
    ('4308250', 'if', 4711, 2018, '2026-02-10', NULL, '1.0901.51.24', NULL, NULL, NULL, 85.6123, 0.0401),
    ('41', 'multa', 3041, 2015, '2021-09-08', NULL, '1.1104.10.00', NULL, 180.83, 0.1504, NULL, NULL),
    ('13', 'if', 2450, 2018, '2016-05-31', NULL, '1.2002.90.00', NULL, NULL, NULL, 6.9577, 0.0199),
    ('4308250', 'multa', 4427, 2017, '2026-06-05', NULL, NULL, '3907.10.3', 983.09, 0.0468, NULL, NULL),
    ('29', 'if', 4831, 2017, '2017-05-13', NULL, NULL, NULL, NULL, NULL, 12.6384, 0.0558),
    ('3304557', 'multa', 2472, 2020, '2015-01-28', NULL, '1.0901.22.00', NULL, 100.74, 0.231, NULL, NULL),
    ('28', 'multa', 542, 2021, '2019-06-11', '2019-10-08', NULL, '3702.54.19', 77.03, 0.0798, NULL, NULL),
    ('28', 'multa', 2018, 2017, '2023-12-27', NULL, NULL, NULL, 180.05, 0.0528, NULL, NULL),
    ('3106200', 'multa', 1787, 2017, '2024-07-10', NULL, NULL, '7216.33.00', 114.31, 0.1288, NULL, NULL),
    ('53', 'multa', 3228, 2018, '2017-05-31', NULL, '1.0502.13.20', '6006.41.00', 207.49, 0.127, NULL, NULL),
    ('4308250', 'if', 3210, 2024, '2020-01-05', NULL, NULL, '5516.93.00', NULL, NULL, 11.1791, 0.0308),
    ('26', 'multa', 3208, 2020, '2015-01-11', NULL, '1.1403.25.00', NULL, 173.4, 0.1256, NULL, NULL),
    ('3146206', 'multa', 474, 2017, '2024-01-20', NULL, '1.0106.22.00', '8518.40.00', 382.09, 0.0286, NULL, NULL),
    ('3548906', 'if', 3319, 2023, '2021-10-06', NULL, '1.0501.21.10', NULL, NULL, NULL, 1.0264, 0.0565),
    ('3146206', 'if', 4512, 2023, '2016-07-16', NULL, '1.2501.21.00', NULL, NULL, NULL, 54.691, 0.0779),
    ('4314902', 'if', 1406, 2015, '2015-11-09', NULL, '1.0304.90.00', NULL, NULL, NULL, 35.8164, 0.0642),
    ('3550308', 'if', 4736, 2024, '2016-05-15', NULL, NULL, '2905.22.30', NULL, NULL, 8.7207, 0.0542),
    ('3501905', 'multa', 1847, 2025, '2017-03-23', '2019-12-29', '1.0301.90.00', NULL, 442.97, 0.2245, NULL, NULL),
    ('3505906', 'multa', 2147, 2025, '2022-08-07', NULL, NULL, NULL, 201.15, 0.0932, NULL, NULL),
    ('5300108', 'multa', 3071, 2020, '2026-11-04', NULL, '1.1101.20.00', '2923.90.50', 250.41, 0.0653, NULL, NULL),
    ('24', 'multa', 4994, 2024, '2020-10-05', NULL, NULL, '6904.90.00', 93.56, 0.1274, NULL, NULL),
    ('3106200', 'multa', 3655, 2020, '2024-07-31', NULL, NULL, NULL, 409.68, 0.1775, NULL, NULL),
    ('3106200', 'multa', 351, 2021, '2016-12-21', NULL, NULL, '3301.19.90', 206.15, 0.1097, NULL, NULL),
    ('4106902', 'multa', 79, 2026, '2016-07-21', '2018-05-26', NULL, NULL, 166.9, 0.221, NULL, NULL),
    ('3146107', 'multa', 4420, 2025, '2016-06-16', '2017-04-25', NULL, NULL, 448.82, 0.2046, NULL, NULL),
    ('26', 'multa', 3671, 2024, '2018-06-30', NULL, NULL, '0303.81.90', 440.43, 0.1618, NULL, NULL),
    ('3146107', 'multa', 4651, 2017, '2026-10-23', NULL, '1.1801.11.00', '2931.90.45', 485.68, 0.0723, NULL, NULL),
    ('3306305', 'multa', 3959, 2019, '2018-10-17', '2024-01-23', NULL, '9608.99.8', 99.59, 0.011, NULL, NULL),
    ('26', 'multa', 2521, 2015, '2026-04-03', NULL, NULL, '0307.83.00', 175.18, 0.2034, NULL, NULL),
    ('35', 'multa', 1514, 2016, '2023-07-14', NULL, '1.0501.24.29', NULL, 181.82, 0.0631, NULL, NULL),
    ('3550308', 'multa', 857, 2023, '2020-03-11', NULL, '1.0801', NULL, 123.12, 0.0981, NULL, NULL),
    ('41', 'multa', 912, 2017, '2021-07-15', NULL, NULL, NULL, 182.36, 0.0689, NULL, NULL),
    ('41', 'if', 2852, 2015, '2021-08-23', NULL, NULL, '2009.41.00', NULL, NULL, 1.6443, 0.0489),
    ('2927408', 'multa', 1300, 2024, '2019-08-17', NULL, NULL, NULL, 148.47, 0.0463, NULL, NULL),
    ('33', 'if', 2948, 2025, '2015-02-22', NULL, NULL, '2905.44.00', NULL, NULL, 4.048, 0.0434),
    ('3146206', 'multa', 4368, 2024, '2021-06-17', NULL, NULL, NULL, 76.04, 0.2185, NULL, NULL),
    ('4314902', 'if', 4223, 2025, '2019-07-22', NULL, NULL, '3003.90.83', NULL, NULL, 1.5595, 0.0249),
    ('28', 'multa', 795, 2019, '2021-09-07', NULL, '1.1701.31.00', NULL, 213.46, 0.1477, NULL, NULL),
    ('3304557', 'if', 3009, 2015, '2020-10-29', '2024-07-31', NULL, NULL, NULL, NULL, 1.9316, 0.079),
    ('3146206', 'multa', 656, 2017, '2023-06-01', NULL, '1.0910.10.00', '0106.33.90', 92.07, 0.2148, NULL, NULL),
    ('4205407', 'multa', 588, 2024, '2022-05-28', NULL, NULL, NULL, 113.57, 0.1718, NULL, NULL),
    ('3550308', 'multa', 1660, 2025, '2018-12-13', NULL, '1.0802.20.00', NULL, 536.35, 0.0595, NULL, NULL),
    ('3146206', 'multa', 3242, 2022, '2019-04-10', NULL, NULL, '2930.30.12', 177.69, 0.1793, NULL, NULL),
    ('3106200', 'multa', 2431, 2023, '2015-09-26', NULL, '1.1805.14.00', NULL, 69.3, 0.1776, NULL, NULL),
    ('3304557', 'if', 3494, 2022, '2024-04-03', NULL, NULL, '6404.19.00', NULL, NULL, 0.3327, 0.043),
    ('3106200', 'if', 2052, 2026, '2023-09-27', NULL, '1.1103.10.00', '2939.79.11', NULL, NULL, 1.7877, 0.0531),
    ('33', 'multa', 1015, 2026, '2021-11-12', NULL, NULL, '4811.49.10', 137.73, 0.0765, NULL, NULL),
    ('32', 'multa', 3205, 2023, '2026-03-25', NULL, NULL, NULL, 173.33, 0.0222, NULL, NULL),
    ('41', 'if', 2629, 2026, '2017-09-21', NULL, '1.0504.45.10', '8452.90.91', NULL, NULL, 2.9022, 0.0302),
    ('3505906', 'multa', 3465, 2023, '2022-10-14', NULL, '1.1402.31.00', '4811.51.10', 190.58, 0.1699, NULL, NULL),
    ('3205309', 'multa', 2625, 2016, '2023-09-15', NULL, NULL, '2933.99.93', 208.46, 0.0827, NULL, NULL),
    ('3550308', 'if', 2507, 2023, '2026-04-10', NULL, '1.0903.3', NULL, NULL, NULL, 10.2287, 0.051),
    ('31', 'if', 4376, 2022, '2022-01-03', NULL, '1.1701.11.00', '7201.50.00', NULL, NULL, 0.8491, 0.0054),
    ('29', 'if', 299, 2017, '2022-06-03', NULL, NULL, '5702.31.00', NULL, NULL, 6.7459, 0.0341),
    ('3501905', 'if', 2892, 2019, '2023-10-14', NULL, NULL, NULL, NULL, NULL, 296.2814, 0.0502),
    ('4314902', 'if', 3533, 2015, '2025-02-10', NULL, '1.0501.39.00', NULL, NULL, NULL, 4.7859, 0.0318),
    ('41', 'multa', 4335, 2019, '2015-09-29', NULL, NULL, '8533.21.10', 600.49, 0.2322, NULL, NULL),
    ('2927408', 'multa', 4202, 2015, '2024-04-17', NULL, NULL, '3903.19.00', 58.14, 0.1404, NULL, NULL),
    ('41', 'multa', 1601, 2024, '2023-07-27', NULL, '1.0504.3', NULL, 124.17, 0.129, NULL, NULL),
    ('53', 'if', 1411, 2023, '2017-06-08', NULL, '1.1403.22.13', NULL, NULL, NULL, 11.906, 0.0723),
    ('1302603', 'multa', 2834, 2026, '2021-05-27', NULL, '1.0403.2', '6108.29.00', 557.02, 0.1862, NULL, NULL),
    ('35', 'if', 3571, 2019, '2023-07-22', NULL, NULL, NULL, NULL, NULL, 0.7308, 0.0687),
    ('4106902', 'multa', 3993, 2021, '2018-05-29', NULL, '1.0402.12.00', NULL, 1141.98, 0.1129, NULL, NULL),
    ('32', 'if', 553, 2022, '2025-05-15', NULL, '1.0501.13.10', '2839.19.00', NULL, NULL, 2.9779, 0.0519),
    ('3106200', 'if', 1800, 2025, '2024-10-31', NULL, NULL, '5208.52.00', NULL, NULL, 3.741, 0.0271),
    ('24', 'multa', 3856, 2023, '2016-03-07', NULL, '1.1402.31.00', '9017.80.10', 215.06, 0.1326, NULL, NULL),
    ('4208302', 'if', 2546, 2022, '2020-06-27', NULL, '1.0501.24.10', NULL, NULL, NULL, 9.215, 0.0167),
    ('3505906', 'if', 2966, 2025, '2026-02-26', NULL, NULL, NULL, NULL, NULL, 3.9949, 0.0558),
    ('3505906', 'multa', 2073, 2023, '2017-07-01', NULL, '1.2301.97.00', '8541.90.10', 1260.3, 0.187, NULL, NULL),
    ('3548906', 'multa', 2647, 2021, '2015-12-09', NULL, '1.0503.27.00', '0307.43.10', 2954.24, 0.1755, NULL, NULL),
    ('21', 'multa', 4192, 2019, '2023-06-05', NULL, '1.1002', NULL, 65.09, 0.0391, NULL, NULL),
    ('3205309', 'if', 4519, 2025, '2018-01-08', NULL, '1.2404.12.00', NULL, NULL, NULL, 40.6857, 0.0146),
    ('4314902', 'if', 1957, 2021, '2024-12-11', NULL, NULL, '9617.00.10', NULL, NULL, 17.3796, 0.0672),
    ('3304557', 'if', 2221, 2023, '2018-09-01', NULL, '1.0905.11.00', NULL, NULL, NULL, 2.3305, 0.0743),
    ('33', 'multa', 3084, 2023, '2017-10-26', NULL, NULL, '9401.61.00', 177.93, 0.1498, NULL, NULL),
    ('42', 'multa', 889, 2016, '2019-04-18', NULL, NULL, '6803.00.00', 199.09, 0.0259, NULL, NULL),
    ('3548906', 'if', 613, 2017, '2025-07-16', NULL, '1.0901.51', '2827.10.00', NULL, NULL, 2.5151, 0.0418),
    ('35', 'multa', 1009, 2017, '2020-11-04', NULL, '1.0403.21.90', '4802.69.99', 54.7, 0.2296, NULL, NULL),
    ('2927408', 'if', 4161, 2019, '2022-09-11', NULL, NULL, NULL, NULL, NULL, 12.2994, 0.0527),
    ('2927408', 'if', 4213, 2025, '2021-03-31', '2027-05-07', '1.1001.2', NULL, NULL, NULL, 11.5797, 0.0529),
    ('35', 'if', 4196, 2023, '2021-11-06', NULL, '1.1406.34.00', NULL, NULL, NULL, 2.322, 0.0731),
    ('5300108', 'if', 3405, 2017, '2015-11-21', NULL, '1.1502.50.00', NULL, NULL, NULL, 3.902, 0.0023),
    ('3505906', 'multa', 2680, 2026, '2018-01-07', NULL, NULL, '0302.71.00', 151.21, 0.0617, NULL, NULL),
    ('3550308', 'multa', 1016, 2023, '2026-05-21', '2028-04-06', '1.2501.21.00', '3907.99.11', 49.87, 0.2336, NULL, NULL),
    ('4205407', 'if', 354, 2023, '2026-06-19', NULL, '1.1402.31.00', '2934.99.26', NULL, NULL, 21.3313, 0.0369),
    ('3505906', 'multa', 604, 2025, '2023-05-16', NULL, NULL, '2508.60.00', 254.14, 0.2115, NULL, NULL),
    ('4308250', 'if', 1386, 2017, '2021-03-06', '2024-06-08', '1.1706.12.00', '0304.92.22', NULL, NULL, 4.3414, 0.0365),
    ('4314902', 'multa', 3741, 2025, '2026-04-08', NULL, '1.1001.12.90', '6903.20.30', 57.74, 0.1967, NULL, NULL),
    ('31', 'multa', 4433, 2024, '2021-07-10', NULL, NULL, '7203.90.00', 187.52, 0.0713, NULL, NULL),
    ('4208302', 'multa', 4210, 2026, '2016-08-04', NULL, NULL, '2827.49.29', 153.86, 0.0507, NULL, NULL),
    ('28', 'multa', 2529, 2016, '2015-03-21', NULL, NULL, NULL, 291.91, 0.2264, NULL, NULL),
    ('4106902', 'multa', 2463, 2015, '2025-05-08', NULL, NULL, NULL, 306.83, 0.1817, NULL, NULL),
    ('3106200', 'if', 448, 2023, '2022-09-11', NULL, NULL, NULL, NULL, NULL, 2.4153, 0.0581),
    ('32', 'multa', 3442, 2023, '2015-11-12', NULL, '1.0102.41.10', '0713.33.11', 159.33, 0.2457, NULL, NULL),
    ('4308250', 'multa', 32, 2026, '2019-03-30', NULL, '1.0901', '9028.90.90', 131.86, 0.0286, NULL, NULL),
    ('3146206', 'multa', 2885, 2025, '2025-12-01', NULL, '1.1703.3', NULL, 181.83, 0.1501, NULL, NULL),
    ('21', 'multa', 301, 2016, '2015-03-05', NULL, NULL, NULL, 167.02, 0.2416, NULL, NULL),
    ('13', 'if', 4091, 2016, '2015-08-03', NULL, NULL, NULL, NULL, NULL, 3.6706, 0.048),
    ('31', 'if', 4128, 2024, '2025-12-18', NULL, NULL, NULL, NULL, NULL, 2.8086, 0.0136),
    ('3501905', 'multa', 4802, 2016, '2016-06-07', NULL, '1.2404.32.00', '5103.10.00', 258.87, 0.0974, NULL, NULL),
    ('3548906', 'if', 4146, 2019, '2021-02-24', '2026-09-14', NULL, '4805.91.00', NULL, NULL, 7.6537, 0.0373),
    ('4208302', 'multa', 4270, 2026, '2017-12-12', NULL, NULL, '2937.22.90', 446.89, 0.2345, NULL, NULL),
    ('1302603', 'if', 1086, 2019, '2021-03-05', NULL, '1.1701.33.00', NULL, NULL, NULL, 4.2044, 0.0556),
    ('4205407', 'if', 1629, 2019, '2026-06-25', NULL, NULL, '8433.51.00', NULL, NULL, 21.9507, 0.0499),
    ('3146107', 'if', 600, 2019, '2017-12-29', NULL, NULL, NULL, NULL, NULL, 1.9896, 0.04),
    ('29', 'multa', 3865, 2016, '2026-01-31', NULL, NULL, '8106.10.00', 491.68, 0.0427, NULL, NULL),
    ('2919306', 'if', 2826, 2024, '2017-03-25', NULL, NULL, NULL, NULL, NULL, 4.0919, 0.0747),
    ('4308250', 'if', 2993, 2016, '2018-05-25', NULL, NULL, '8112.13.00', NULL, NULL, 1.22, 0.0421),
    ('4205407', 'multa', 4015, 2019, '2015-06-05', NULL, '1.1502.50.00', '3808.59.2', 207.74, 0.1416, NULL, NULL),
    ('35', 'if', 698, 2022, '2015-02-09', NULL, '1.0901.51.21', '6302.59.90', NULL, NULL, 3.4047, 0.0296),
    ('3548906', 'if', 3247, 2018, '2025-10-24', NULL, NULL, '3506.91.10', NULL, NULL, 8.4028, 0.0751),
    ('29', 'multa', 4275, 2026, '2026-02-12', NULL, NULL, NULL, 155.63, 0.1939, NULL, NULL),
    ('31', 'if', 1245, 2020, '2016-09-27', NULL, '1.1106', '0206.49.00', NULL, NULL, 342.921, 0.0134),
    ('31', 'if', 489, 2019, '2019-02-01', NULL, NULL, '8404.10.20', NULL, NULL, 3.985, 0.0799),
    ('3205309', 'multa', 4699, 2026, '2026-11-10', NULL, '1.0502.34.20', '3504.00.11', 270.71, 0.1611, NULL, NULL),
    ('35', 'if', 1483, 2026, '2023-04-26', NULL, NULL, NULL, NULL, NULL, 8.0947, 0.0261),
    ('3550308', 'if', 3770, 2025, '2017-05-27', NULL, NULL, '3003.20.94', NULL, NULL, 2.3009, 0.012),
    ('2927408', 'if', 2239, 2015, '2024-04-26', NULL, '1.0401.11.20', '5306.20.00', NULL, NULL, 3.0814, 0.0187),
    ('35', 'multa', 1666, 2026, '2022-11-03', NULL, '1.1101.16.00', NULL, 195.75, 0.2258, NULL, NULL),
    ('1302603', 'if', 3734, 2023, '2023-11-26', NULL, '1.1106.39.00', '8301.20.00', NULL, NULL, 2.013, 0.0382),
    ('42', 'multa', 1331, 2020, '2023-09-11', NULL, NULL, '3811.90.90', 253.92, 0.1022, NULL, NULL),
    ('2927408', 'multa', 960, 2020, '2025-08-27', NULL, NULL, NULL, 253.07, 0.0884, NULL, NULL),
    ('3304557', 'if', 2255, 2022, '2026-09-24', NULL, '1.1705.10.00', NULL, NULL, NULL, 1.5541, 0.0691),
    ('4106902', 'multa', 3392, 2020, '2022-10-14', NULL, '1.0501.14.20', NULL, 184.36, 0.1373, NULL, NULL),
    ('26', 'if', 2080, 2022, '2022-10-30', '2023-05-24', '1.1801.21.00', '8517.61.4', NULL, NULL, 5.1847, 0.069),
    ('1302603', 'if', 1694, 2020, '2015-01-18', NULL, '1.1805.2', '9006.53.10', NULL, NULL, 6.239, 0.0283),
    ('3505906', 'if', 2102, 2024, '2015-03-23', NULL, '1.1406.11.00', '8505.90.11', NULL, NULL, 2.2538, 0.0707),
    ('4308250', 'multa', 1688, 2023, '2017-10-26', NULL, NULL, '3002.42.60', 98.1, 0.2434, NULL, NULL),
    ('3205309', 'if', 2626, 2021, '2022-06-11', NULL, '1.2505', '3920.73.90', NULL, NULL, 1.7619, 0.0724),
    ('51', 'multa', 60, 2015, '2015-12-21', NULL, NULL, NULL, 455.09, 0.0359, NULL, NULL),
    ('4208302', 'if', 1474, 2020, '2021-08-09', '2026-04-17', NULL, NULL, NULL, NULL, 1.8734, 0.0798),
    ('35', 'if', 1872, 2018, '2016-10-27', NULL, NULL, '8448.39.22', NULL, NULL, 1.1093, 0.01),
    ('4308250', 'multa', 211, 2017, '2023-11-20', NULL, NULL, '8413.30.30', 155.89, 0.0819, NULL, NULL),
    ('29', 'multa', 3598, 2016, '2018-03-04', '2019-09-16', '1.0901.51.21', '8536.30.90', 73.05, 0.1774, NULL, NULL),
    ('3146107', 'multa', 2057, 2026, '2019-07-14', NULL, '1.0401.11.20', NULL, 186.95, 0.2484, NULL, NULL),
    ('29', 'if', 4335, 2016, '2020-06-26', NULL, NULL, NULL, NULL, NULL, 1.5254, 0.0732),
    ('32', 'multa', 2088, 2026, '2015-06-11', '2015-09-28', '1.0502.2', '2929.90.11', 148.37, 0.2273, NULL, NULL),
    ('29', 'if', 325, 2023, '2021-06-05', NULL, '1.0105.12.00', NULL, NULL, NULL, 5.9827, 0.0066),
    ('5300108', 'if', 3387, 2018, '2026-11-13', NULL, '1.1302.1', '8445.19.27', NULL, NULL, 1.0986, 0.0642),
    ('51', 'multa', 4462, 2021, '2022-06-18', NULL, '1.0502.24.59', NULL, 229.47, 0.0901, NULL, NULL),
    ('4308250', 'multa', 2791, 2015, '2026-12-05', NULL, NULL, NULL, 426.11, 0.0721, NULL, NULL),
    ('4308250', 'multa', 2798, 2016, '2016-12-27', NULL, NULL, '8544.19.90', 104.6, 0.0246, NULL, NULL),
    ('1302603', 'multa', 3900, 2015, '2024-01-08', NULL, '1.0502.14', '4302.19.10', 144.8, 0.211, NULL, NULL),
    ('3205309', 'if', 1790, 2020, '2022-03-20', NULL, NULL, NULL, NULL, NULL, 1.4444, 0.008),
    ('4308250', 'multa', 3320, 2019, '2024-03-26', '2029-06-28', '1.1403.2', '7202.11.00', 100.18, 0.0352, NULL, NULL),
    ('24', 'multa', 4179, 2025, '2015-11-27', NULL, '1.0605.90.00', NULL, 80.59, 0.2364, NULL, NULL),
    ('2919306', 'if', 441, 2021, '2026-08-21', NULL, '1.1901.30.00', '3004.20.7', NULL, NULL, 6.6158, 0.0199),
    ('53', 'multa', 2664, 2022, '2019-02-05', NULL, '1.0907.00.00', NULL, 109.96, 0.1412, NULL, NULL),
    ('3146107', 'multa', 819, 2019, '2026-09-01', NULL, '1.1408.15.00', '2929.90.50', 96.37, 0.1816, NULL, NULL),
    ('26', 'if', 4952, 2020, '2019-12-13', NULL, NULL, NULL, NULL, NULL, 4.6949, 0.0221),
    ('42', 'multa', 1465, 2016, '2022-04-05', NULL, '1.1701.11.00', NULL, 196.49, 0.0613, NULL, NULL),
    ('4205407', 'multa', 4350, 2025, '2017-02-20', NULL, '1.1704.20.00', NULL, 137.47, 0.1909, NULL, NULL),
    ('35', 'if', 3596, 2020, '2017-01-07', NULL, NULL, NULL, NULL, NULL, 0.6755, 0.0562),
    ('24', 'multa', 1550, 2016, '2021-09-11', NULL, NULL, '2934.20.34', 202.31, 0.2413, NULL, NULL),
    ('4208302', 'multa', 2593, 2018, '2017-02-23', NULL, '1.0901.51.25', '2903.83.00', 165.4, 0.1407, NULL, NULL),
    ('32', 'if', 4440, 2022, '2020-01-28', '2025-11-19', NULL, '2853.90.11', NULL, NULL, 6.0945, 0.0219),
    ('4208302', 'multa', 2848, 2015, '2016-02-24', NULL, NULL, '2904.10.19', 79.41, 0.1463, NULL, NULL),
    ('31', 'if', 1560, 2019, '2022-02-27', NULL, NULL, '3824.40.00', NULL, NULL, 5.4031, 0.0032),
    ('3501905', 'multa', 4209, 2021, '2025-10-09', NULL, NULL, '9104.00.00', 80.84, 0.1752, NULL, NULL),
    ('3106200', 'multa', 2934, 2022, '2024-09-02', NULL, '1.2003.26.10', NULL, 138.3, 0.1538, NULL, NULL),
    ('3505906', 'multa', 3721, 2023, '2026-02-01', NULL, '1.0604', NULL, 121.28, 0.0195, NULL, NULL),
    ('26', 'multa', 4954, 2020, '2018-01-13', NULL, '1.2301.1', '6205.90.10', 391.08, 0.0318, NULL, NULL),
    ('31', 'if', 4449, 2020, '2018-12-27', NULL, '1.1402', '2922.31.20', NULL, NULL, 2.4827, 0.031),
    ('1302603', 'if', 4924, 2020, '2023-06-08', NULL, '1.0102.42.20', NULL, NULL, NULL, 1.7658, 0.0177),
    ('51', 'multa', 1071, 2017, '2017-06-26', NULL, '1.02', NULL, 73.44, 0.0689, NULL, NULL),
    ('3106200', 'if', 3905, 2021, '2020-12-19', '2023-05-17', NULL, NULL, NULL, NULL, 1.0736, 0.0403),
    ('4208302', 'if', 2305, 2021, '2017-02-10', NULL, '1.0105.70.00', NULL, NULL, NULL, 2.1593, 0.0429),
    ('42', 'if', 2632, 2016, '2025-06-27', NULL, '1.2002.20.00', '3604.90.10', NULL, NULL, 13.874, 0.0571),
    ('28', 'multa', 4313, 2019, '2024-08-05', NULL, '1.0303.13.00', NULL, 146.17, 0.1154, NULL, NULL),
    ('26', 'multa', 431, 2018, '2022-05-25', NULL, '1.0502.22.10', NULL, 249.67, 0.0193, NULL, NULL),
    ('3106200', 'if', 4528, 2019, '2019-01-19', '2024-10-28', '1.0301.32.00', '8482.91.90', NULL, NULL, 3.0989, 0.0613),
    ('29', 'multa', 1991, 2018, '2017-06-06', NULL, '1.1107.20.00', '8468.20.00', 113.5, 0.0676, NULL, NULL),
    ('13', 'multa', 107, 2025, '2017-06-07', NULL, '1.0503.2', '8208.30.00', 108.52, 0.0721, NULL, NULL),
    ('1302603', 'multa', 2319, 2019, '2016-02-19', NULL, '1.0401.16.90', NULL, 47.95, 0.2293, NULL, NULL),
    ('3550308', 'if', 1228, 2026, '2021-01-08', NULL, '1.0105.90.00', NULL, NULL, NULL, 0.4098, 0.0645),
    ('4205407', 'multa', 4179, 2016, '2016-10-17', NULL, '1.2304.19.00', '6103.32.00', 224.57, 0.0294, NULL, NULL),
    ('1302603', 'if', 4884, 2018, '2020-08-29', NULL, '1.1901.10.00', '8901.20.00', NULL, NULL, 12.9044, 0.0517),
    ('4314902', 'multa', 3876, 2016, '2022-08-28', NULL, '1.0905.2', NULL, 195.53, 0.1415, NULL, NULL),
    ('3306305', 'multa', 2089, 2026, '2023-08-25', NULL, '1.2304.20.00', '8531.10.10', 101.39, 0.0518, NULL, NULL),
    ('3306305', 'multa', 3246, 2016, '2021-09-22', NULL, '1.1801.12.00', NULL, 175.29, 0.0964, NULL, NULL),
    ('13', 'multa', 3478, 2020, '2020-08-25', NULL, NULL, NULL, 157.22, 0.029, NULL, NULL),
    ('3306305', 'multa', 2587, 2023, '2015-03-26', NULL, NULL, NULL, 144.85, 0.1401, NULL, NULL),
    ('3146206', 'multa', 239, 2020, '2025-09-20', NULL, '1.2406.10.00', NULL, 232.4, 0.1045, NULL, NULL),
    ('1302603', 'if', 4608, 2016, '2022-08-02', NULL, '1.0503.21.00', NULL, NULL, NULL, 2.0779, 0.0784),
    ('3550308', 'if', 3210, 2018, '2025-07-28', NULL, NULL, NULL, NULL, NULL, 5.1872, 0.0289),
    ('29', 'multa', 4851, 2019, '2015-08-12', NULL, NULL, NULL, 136.03, 0.0172, NULL, NULL),
    ('32', 'multa', 307, 2022, '2024-09-07', NULL, '1.1401.15.00', '1905.40.00', 110.3, 0.0256, NULL, NULL),
    ('3548906', 'if', 2024, 2021, '2018-08-02', NULL, NULL, NULL, NULL, NULL, 1.4679, 0.0164),
    ('3306305', 'if', 1183, 2018, '2024-12-02', '2025-09-28', '1.1402.3', '2801.20.10', NULL, NULL, 8.3481, 0.0461),
    ('21', 'multa', 2227, 2020, '2019-12-19', NULL, NULL, NULL, 289.59, 0.012, NULL, NULL),
    ('4205407', 'if', 3111, 2021, '2020-12-15', '2022-02-28', '1.2502', '1004.90.00', NULL, NULL, 7.6784, 0.0428),
    ('41', 'if', 1040, 2017, '2024-07-24', NULL, NULL, NULL, NULL, NULL, 1.4037, 0.0387),
    ('3146107', 'if', 3913, 2017, '2023-12-04', NULL, '1.0402.90.00', '5407.72.00', NULL, NULL, 3.318, 0.0638),
    ('3306305', 'multa', 513, 2018, '2019-04-03', NULL, NULL, NULL, 87.98, 0.1229, NULL, NULL),
    ('35', 'if', 4547, 2024, '2026-04-14', NULL, '1.1402.31.00', NULL, NULL, NULL, 5.7369, 0.0772),
    ('31', 'multa', 1294, 2022, '2021-10-28', NULL, '1.0301.90.00', NULL, 88.26, 0.2463, NULL, NULL),
    ('3550308', 'multa', 1204, 2025, '2026-01-03', NULL, '1.1106.36.20', '0207.12.20', 66.44, 0.2127, NULL, NULL),
    ('3205309', 'multa', 3322, 2017, '2021-12-15', '2024-11-13', NULL, '2915.90.60', 77.56, 0.052, NULL, NULL),
    ('4106902', 'if', 3882, 2021, '2024-12-18', NULL, NULL, '3206.50.21', NULL, NULL, 3.8993, 0.0544),
    ('43', 'if', 2697, 2025, '2020-06-01', NULL, NULL, '2918.19.42', NULL, NULL, 2.021, 0.0586),
    ('4314902', 'multa', 4836, 2017, '2021-08-31', NULL, NULL, NULL, 1279.29, 0.0369, NULL, NULL),
    ('4106902', 'if', 614, 2024, '2018-01-24', NULL, NULL, '5603.91.10', NULL, NULL, 3.9194, 0.0324),
    ('1302603', 'multa', 2081, 2015, '2026-07-21', NULL, NULL, NULL, 183.23, 0.1396, NULL, NULL),
    ('51', 'if', 4608, 2025, '2018-12-31', NULL, NULL, '3824.99.13', NULL, NULL, 0.7187, 0.02),
    ('35', 'multa', 3793, 2023, '2019-01-26', NULL, '1.0301.10.00', NULL, 105.98, 0.0116, NULL, NULL),
    ('4106902', 'multa', 315, 2026, '2018-06-23', NULL, NULL, NULL, 49.55, 0.246, NULL, NULL),
    ('41', 'multa', 4176, 2020, '2025-06-26', NULL, '1.1401.13.00', NULL, 98.3, 0.1529, NULL, NULL),
    ('4106902', 'multa', 2684, 2023, '2017-04-16', NULL, '1.1703.21.00', '3913.90.90', 308.39, 0.031, NULL, NULL),
    ('51', 'multa', 1308, 2026, '2026-03-21', NULL, '1.2504.1', '5402.47.90', 129.66, 0.2016, NULL, NULL),
    ('26', 'if', 3222, 2016, '2018-12-18', NULL, '1.2508.00.00', NULL, NULL, NULL, 4.4374, 0.0159),
    ('4314902', 'multa', 50, 2026, '2020-12-01', '2025-01-08', NULL, '8453.80.00', 319.01, 0.2364, NULL, NULL),
    ('5300108', 'multa', 668, 2025, '2016-12-28', NULL, '1.1806.20.00', NULL, 103.92, 0.12, NULL, NULL),
    ('26', 'if', 2297, 2024, '2018-12-07', NULL, '1.2501.37.00', '8439.10.90', NULL, NULL, 3.0062, 0.0119),
    ('53', 'multa', 343, 2021, '2024-10-09', NULL, '1.1303.20.00', NULL, 331.45, 0.245, NULL, NULL),
    ('3501905', 'if', 721, 2017, '2026-03-08', NULL, NULL, '2909.44.11', NULL, NULL, 83.5755, 0.043),
    ('13', 'multa', 4417, 2019, '2016-05-05', NULL, '1.0607.00.00', NULL, 97.42, 0.1391, NULL, NULL),
    ('31', 'if', 4157, 2018, '2017-10-20', NULL, '1.0102.41.90', NULL, NULL, NULL, 2.5415, 0.0733),
    ('2919306', 'multa', 1752, 2019, '2023-03-21', NULL, NULL, NULL, 162.51, 0.1255, NULL, NULL),
    ('3306305', 'if', 3250, 2023, '2016-10-10', '2021-11-11', NULL, NULL, NULL, NULL, 2.7983, 0.0203),
    ('43', 'multa', 2156, 2025, '2015-12-13', NULL, NULL, NULL, 105.45, 0.1272, NULL, NULL),
    ('28', 'multa', 2123, 2017, '2015-07-18', NULL, NULL, NULL, 88.91, 0.0525, NULL, NULL),
    ('3306305', 'if', 4912, 2018, '2018-12-27', NULL, NULL, '6110.11.00', NULL, NULL, 4.4466, 0.0407),
    ('35', 'multa', 3739, 2017, '2026-10-07', NULL, '1.0504.45.10', '2846.90.10', 86.38, 0.0314, NULL, NULL),
    ('51', 'multa', 3106, 2023, '2016-01-16', NULL, NULL, NULL, 72.36, 0.0593, NULL, NULL),
    ('51', 'if', 370, 2023, '2021-11-30', '2022-11-20', '1.0401.90.00', NULL, NULL, NULL, 98.1248, 0.043),
    ('35', 'multa', 3045, 2020, '2021-06-29', NULL, NULL, NULL, 141.45, 0.0722, NULL, NULL),
    ('4314902', 'multa', 3981, 2015, '2020-05-07', NULL, '1.0106.3', NULL, 17.4, 0.0549, NULL, NULL),
    ('4308250', 'if', 762, 2021, '2024-04-25', NULL, '1.1107', '2204.10.90', NULL, NULL, 7.6687, 0.0079),
    ('3505906', 'multa', 226, 2023, '2015-02-12', NULL, NULL, '7607.11.90', 106.28, 0.1398, NULL, NULL),
    ('4308250', 'multa', 4113, 2023, '2021-05-05', NULL, NULL, '3808.59.24', 141.36, 0.2306, NULL, NULL),
    ('32', 'if', 3581, 2022, '2020-12-07', NULL, '1.1401', '5510.11.90', NULL, NULL, 2.5386, 0.0532),
    ('3146107', 'multa', 397, 2022, '2021-09-15', NULL, NULL, '8701.30.00', 220.9, 0.1677, NULL, NULL),
    ('3106200', 'multa', 2449, 2026, '2017-11-25', '2021-06-10', '1.0405.00.00', NULL, 60.5, 0.1593, NULL, NULL),
    ('3205309', 'if', 244, 2026, '2017-06-26', NULL, NULL, '9106.10.00', NULL, NULL, 0.6309, 0.0739),
    ('3146206', 'multa', 3181, 2019, '2015-02-05', NULL, '1.1302.11.00', '9022.90.10', 748.21, 0.0688, NULL, NULL),
    ('3548906', 'if', 2533, 2018, '2023-06-11', NULL, '1.0502', NULL, NULL, NULL, 4.3011, 0.0645),
    ('42', 'multa', 1669, 2022, '2016-04-08', '2021-09-15', NULL, '4820.90.00', 107.49, 0.212, NULL, NULL),
    ('41', 'if', 1219, 2026, '2026-06-17', NULL, '1.0102.42.10', '0208.10.00', NULL, NULL, 1.04, 0.0259),
    ('32', 'if', 3226, 2026, '2020-01-09', NULL, NULL, NULL, NULL, NULL, 2.3162, 0.0536),
    ('13', 'if', 2816, 2020, '2018-10-23', NULL, NULL, NULL, NULL, NULL, 6.3329, 0.0773),
    ('3548906', 'if', 2906, 2023, '2021-12-25', NULL, '1.0505.10.00', NULL, NULL, NULL, 4.0473, 0.0595),
    ('1302603', 'if', 3823, 2020, '2023-03-05', NULL, NULL, '2826.19.10', NULL, NULL, 3.4893, 0.0136),
    ('53', 'if', 4227, 2026, '2015-03-30', '2018-12-26', NULL, NULL, NULL, NULL, 53.7941, 0.0463),
    ('26', 'if', 2263, 2026, '2020-12-19', NULL, NULL, '0308.30.00', NULL, NULL, 1.9677, 0.006),
    ('42', 'if', 3523, 2020, '2017-05-28', NULL, NULL, '1604.32.00', NULL, NULL, 2.5242, 0.0727),
    ('3548906', 'if', 3207, 2015, '2020-06-14', NULL, '1.0901.51', '3808.59.23', NULL, NULL, 1.4537, 0.0496),
    ('13', 'if', 4729, 2015, '2026-01-23', NULL, NULL, '3004.39.35', NULL, NULL, 7.1447, 0.0388),
    ('3146206', 'multa', 184, 2020, '2026-05-01', '2030-05-03', NULL, '0306.93.00', 34.71, 0.0523, NULL, NULL),
    ('41', 'if', 3383, 2022, '2023-10-05', NULL, NULL, '4811.90.19', NULL, NULL, 0.9469, 0.0304),
    ('28', 'if', 3603, 2024, '2019-10-18', NULL, NULL, '8445.40.90', NULL, NULL, 1.8833, 0.0513),
    ('21', 'multa', 4710, 2022, '2021-01-02', NULL, NULL, '2922.29.1', 72.41, 0.0784, NULL, NULL),
    ('35', 'if', 4215, 2015, '2024-11-28', NULL, NULL, NULL, NULL, NULL, 17.0714, 0.0396),
    ('41', 'multa', 81, 2024, '2023-12-14', '2029-09-07', '1.1103.39.00', '2933.39.19', 486.94, 0.1933, NULL, NULL),
    ('13', 'if', 1651, 2025, '2023-12-31', NULL, '1.0103.42.00', NULL, NULL, NULL, 3.578, 0.0493),
    ('2919306', 'multa', 2013, 2024, '2017-07-01', '2018-08-10', NULL, NULL, 50.35, 0.1128, NULL, NULL),
    ('43', 'if', 4802, 2020, '2022-05-26', '2029-01-14', NULL, '1901.10.30', NULL, NULL, 3.0904, 0.0158),
    ('29', 'multa', 130, 2026, '2026-05-18', NULL, '1.0701.00.00', '3904.61.90', 30.15, 0.0877, NULL, NULL),
    ('41', 'multa', 3037, 2021, '2018-11-29', NULL, '1.1103.43.00', '8112.49.00', 201.73, 0.2181, NULL, NULL),
    ('24', 'if', 1668, 2024, '2018-05-05', NULL, '1.1402.14.00', '8112.59.00', NULL, NULL, 3.1261, 0.0641),
    ('43', 'multa', 4349, 2015, '2018-08-29', '2022-09-18', NULL, NULL, 424.63, 0.2274, NULL, NULL),
    ('2919306', 'if', 2134, 2019, '2015-03-08', NULL, '1.1106.31.00', NULL, NULL, NULL, 5.7605, 0.0578),
    ('33', 'multa', 345, 2025, '2022-03-07', NULL, '1.0102.52.20', '2916.19.22', 286.92, 0.063, NULL, NULL),
    ('4314902', 'multa', 607, 2021, '2025-11-18', NULL, '1.2301.15.00', '0802.51.00', 189.38, 0.1632, NULL, NULL),
    ('21', 'multa', 1668, 2022, '2019-10-28', NULL, NULL, NULL, 230.99, 0.0315, NULL, NULL),
    ('1302603', 'if', 4700, 2023, '2021-08-19', NULL, NULL, NULL, NULL, NULL, 0.9363, 0.0609),
    ('3501905', 'multa', 2267, 2019, '2024-06-22', NULL, NULL, '3206.19.10', 118.35, 0.1933, NULL, NULL),
    ('29', 'if', 2861, 2025, '2020-06-11', NULL, '1.2405', '2404.92.00', NULL, NULL, 1.6424, 0.0591),
    ('4205407', 'multa', 626, 2015, '2023-10-23', NULL, NULL, '4012.20.00', 58.24, 0.0597, NULL, NULL),
    ('13', 'multa', 4439, 2020, '2024-09-06', NULL, NULL, NULL, 172.77, 0.2185, NULL, NULL),
    ('32', 'multa', 1069, 2017, '2021-05-30', NULL, NULL, NULL, 331.07, 0.2092, NULL, NULL),
    ('53', 'multa', 3030, 2020, '2024-01-02', NULL, '1.1501', NULL, 263.99, 0.2396, NULL, NULL),
    ('3205309', 'multa', 1864, 2025, '2026-03-29', NULL, NULL, NULL, 253.37, 0.0319, NULL, NULL),
    ('4308250', 'multa', 3564, 2017, '2015-11-29', NULL, NULL, NULL, 161.08, 0.0103, NULL, NULL),
    ('41', 'if', 3750, 2015, '2024-02-05', NULL, NULL, '8708.40.80', NULL, NULL, 79.5631, 0.0765),
    ('4208302', 'if', 3700, 2017, '2026-11-15', NULL, '1.21', NULL, NULL, NULL, 6.1145, 0.0612),
    ('53', 'if', 819, 2023, '2023-01-01', NULL, NULL, '7108.11.00', NULL, NULL, 4.7057, 0.0447),
    ('5300108', 'multa', 3955, 2020, '2021-02-24', NULL, '1.1902.90.00', NULL, 85.41, 0.0118, NULL, NULL),
    ('32', 'multa', 4811, 2020, '2026-12-30', NULL, NULL, NULL, 34.42, 0.1629, NULL, NULL),
    ('4205407', 'multa', 4986, 2022, '2015-07-17', '2015-11-22', '1.1706.23.00', '8415.10.11', 113.48, 0.1076, NULL, NULL),
    ('33', 'multa', 2150, 2018, '2023-07-23', NULL, NULL, NULL, 360.35, 0.058, NULL, NULL),
    ('31', 'if', 3974, 2020, '2025-02-03', NULL, '1.1510.00.00', NULL, NULL, NULL, 2.7363, 0.0564),
    ('3205309', 'multa', 417, 2020, '2026-12-16', NULL, '1.1102.90.00', '2916.20.14', 131.46, 0.1897, NULL, NULL),
    ('13', 'multa', 2612, 2019, '2024-10-17', NULL, '1.1806.90.00', '0304.48.00', 90.86, 0.2175, NULL, NULL),
    ('43', 'if', 1259, 2019, '2020-10-29', NULL, '1.0103.42.00', '0305.49.90', NULL, NULL, 4.9636, 0.0464),
    ('2919306', 'multa', 3004, 2022, '2015-07-27', NULL, '1.1409.1', '9002.11.11', 28.42, 0.1085, NULL, NULL),
    ('43', 'if', 2397, 2025, '2025-01-27', NULL, '1.1403.24.00', '7607.19.90', NULL, NULL, 1.121, 0.0013),
    ('32', 'multa', 3849, 2022, '2017-12-09', NULL, '1.0909', '5402.47.10', 96.22, 0.0465, NULL, NULL),
    ('43', 'if', 4899, 2017, '2015-10-02', NULL, '1.1401', NULL, NULL, NULL, 4.1012, 0.0148),
    ('3501905', 'if', 480, 2017, '2022-06-18', NULL, '1.1201.31.00', NULL, NULL, NULL, 2.4761, 0.0308),
    ('13', 'if', 2366, 2025, '2019-04-29', NULL, '1.1106', NULL, NULL, NULL, 1.3256, 0.0148),
    ('4208302', 'multa', 3303, 2019, '2019-09-11', NULL, NULL, '8438.50.00', 110.03, 0.1477, NULL, NULL),
    ('4314902', 'if', 3059, 2022, '2022-11-05', '2026-08-27', NULL, '7319.40.00', NULL, NULL, 1.1743, 0.0186),
    ('3550308', 'if', 3684, 2026, '2023-12-09', NULL, '1.1301', NULL, NULL, NULL, 3.4573, 0.0577),
    ('4308250', 'if', 701, 2026, '2019-08-25', NULL, '1.2001.81.00', '7222.19.10', NULL, NULL, 2.2465, 0.0274),
    ('53', 'if', 2892, 2017, '2023-12-01', NULL, NULL, '8424.30.90', NULL, NULL, 4.504, 0.0193),
    ('35', 'multa', 1231, 2022, '2017-08-26', NULL, NULL, NULL, 498.75, 0.1995, NULL, NULL),
    ('1302603', 'if', 3283, 2020, '2020-07-15', NULL, '1.0803.00.00', NULL, NULL, NULL, 7.5957, 0.0587),
    ('4314902', 'multa', 1936, 2016, '2026-09-08', NULL, '1.0905.30.00', '5210.39.00', 112.48, 0.217, NULL, NULL),
    ('3548906', 'if', 557, 2018, '2015-08-16', NULL, '1.1701.34.00', NULL, NULL, NULL, 5.5889, 0.0087),
    ('51', 'multa', 1537, 2020, '2017-08-24', NULL, '1.1106.36.20', '8711.10.00', 212.41, 0.1564, NULL, NULL),
    ('1302603', 'multa', 1843, 2020, '2025-08-31', NULL, NULL, NULL, 205.67, 0.1346, NULL, NULL),
    ('51', 'multa', 2694, 2022, '2026-09-09', NULL, '1.1105.30.00', NULL, 83.12, 0.2141, NULL, NULL),
    ('4208302', 'if', 314, 2021, '2020-05-25', '2021-10-02', '1.0605.90.00', '7321.89.00', NULL, NULL, 3.2635, 0.0204),
    ('24', 'if', 1353, 2016, '2020-09-13', NULL, NULL, NULL, NULL, NULL, 57.4829, 0.0758),
    ('4208302', 'multa', 4985, 2025, '2017-04-25', NULL, '1.0102.61.00', '4401.21.00', 134.58, 0.2011, NULL, NULL),
    ('28', 'multa', 4997, 2026, '2018-06-21', NULL, '1.0102.35', NULL, 177.28, 0.1737, NULL, NULL),
    ('1302603', 'if', 879, 2026, '2019-09-09', NULL, '1.1409.2', '3004.90.99', NULL, NULL, 0.9882, 0.0566),
    ('3505906', 'multa', 4760, 2021, '2017-07-19', NULL, NULL, NULL, 177.15, 0.2219, NULL, NULL),
    ('3505906', 'multa', 1005, 2017, '2019-12-08', NULL, '1.0903.12.00', NULL, 120.06, 0.1477, NULL, NULL),
    ('29', 'multa', 2671, 2023, '2025-07-06', NULL, NULL, NULL, 213.36, 0.1436, NULL, NULL),
    ('2927408', 'multa', 3869, 2015, '2023-05-22', NULL, NULL, NULL, 174.99, 0.2397, NULL, NULL),
    ('21', 'if', 411, 2019, '2020-04-05', NULL, NULL, NULL, NULL, NULL, 3.5652, 0.0044),
    ('53', 'multa', 1373, 2021, '2017-08-10', NULL, NULL, '1515.90.90', 45.3, 0.066, NULL, NULL),
    ('4208302', 'multa', 1337, 2018, '2017-01-19', '2022-01-07', '1.2003.21', '8419.81.90', 301.35, 0.0799, NULL, NULL),
    ('4208302', 'multa', 3149, 2018, '2026-03-09', NULL, '1.0502.24.10', NULL, 254.94, 0.0991, NULL, NULL),
    ('3505906', 'multa', 2171, 2025, '2015-02-17', NULL, '1.0105.90.00', '2933.91.43', 302.81, 0.2158, NULL, NULL),
    ('2919306', 'if', 4000, 2023, '2020-01-01', NULL, '1.1102.10.00', '1302.31.00', NULL, NULL, 1.9539, 0.0543),
    ('33', 'if', 115, 2023, '2020-12-11', NULL, NULL, NULL, NULL, NULL, 1.1312, 0.0287),
    ('31', 'multa', 3061, 2017, '2022-09-26', NULL, '1.0106', NULL, 167.11, 0.0537, NULL, NULL),
    ('4208302', 'multa', 3091, 2023, '2026-09-04', NULL, '1.0904.35.00', '8543.70.39', 128.76, 0.1388, NULL, NULL),
    ('4208302', 'multa', 3316, 2015, '2019-08-10', '2022-09-30', NULL, NULL, 146.85, 0.1809, NULL, NULL),
    ('3548906', 'if', 3309, 2016, '2017-08-01', NULL, '1.1405.1', '3506.10.90', NULL, NULL, 3.0516, 0.0292),
    ('13', 'multa', 2523, 2022, '2020-06-13', NULL, '1.1703.31.00', NULL, 93.06, 0.2347, NULL, NULL),
    ('2919306', 'multa', 2568, 2018, '2016-01-07', NULL, '1.0901.51.16', '6911.10.10', 111.41, 0.095, NULL, NULL),
    ('3304557', 'multa', 1692, 2024, '2020-06-20', NULL, NULL, '2941.90.81', 49.62, 0.0957, NULL, NULL),
    ('31', 'if', 716, 2016, '2018-06-05', NULL, NULL, NULL, NULL, NULL, 1.4609, 0.0175),
    ('3205309', 'if', 1568, 2016, '2025-11-11', NULL, '1.1401.12.00', NULL, NULL, NULL, 43.5498, 0.0338),
    ('2927408', 'if', 3727, 2018, '2026-10-26', NULL, NULL, '8501.53.20', NULL, NULL, 5.071, 0.0025),
    ('33', 'if', 4485, 2021, '2019-12-03', NULL, '1.0402.12.00', NULL, NULL, NULL, 1.8191, 0.0434),
    ('53', 'if', 302, 2016, '2022-10-18', NULL, '1.1401.12.00', '8407.33.10', NULL, NULL, 6.3185, 0.0389),
    ('35', 'multa', 385, 2022, '2025-07-18', NULL, NULL, '2933.69.1', 158.19, 0.2349, NULL, NULL),
    ('3304557', 'if', 4823, 2025, '2020-09-04', NULL, NULL, '1515.90.10', NULL, NULL, 3.3166, 0.0555),
    ('3306305', 'multa', 2101, 2020, '2020-09-28', NULL, NULL, '6505.00.31', 438.52, 0.033, NULL, NULL),
    ('3106200', 'if', 1637, 2015, '2018-09-05', NULL, '1.0608', '2916.39.30', NULL, NULL, 4.884, 0.028),
    ('21', 'if', 2685, 2017, '2021-09-11', NULL, NULL, NULL, NULL, NULL, 31.0527, 0.0648),
    ('3501905', 'if', 3166, 2019, '2023-01-01', NULL, '1.2203', '2909.50.1', NULL, NULL, 4.7103, 0.0052),
    ('3306305', 'multa', 3915, 2017, '2025-12-03', NULL, '1.0903.31.00', '2920.90.41', 143.4, 0.1095, NULL, NULL),
    ('3304557', 'if', 1732, 2016, '2016-03-30', NULL, '1.1103.22.00', '5405.00.00', NULL, NULL, 10.5589, 0.0273),
    ('51', 'if', 558, 2015, '2017-08-12', NULL, NULL, '3002.12.12', NULL, NULL, 2.0629, 0.0306),
    ('32', 'if', 2568, 2019, '2022-11-19', NULL, NULL, NULL, NULL, NULL, 0.7445, 0.013),
    ('3205309', 'if', 4676, 2015, '2019-10-07', NULL, NULL, NULL, NULL, NULL, 12.4064, 0.0232),
    ('3306305', 'multa', 4078, 2017, '2015-01-16', NULL, '1.0106.1', '7324.29.00', 486.01, 0.1339, NULL, NULL),
    ('3306305', 'multa', 1159, 2025, '2025-09-04', NULL, '1.1801.1', NULL, 74.89, 0.0725, NULL, NULL),
    ('3306305', 'if', 2768, 2018, '2025-05-21', NULL, NULL, NULL, NULL, NULL, 1.2593, 0.0194),
    ('4106902', 'if', 3448, 2019, '2021-10-05', NULL, NULL, NULL, NULL, NULL, 15.3122, 0.0348),
    ('4308250', 'if', 3222, 2026, '2015-11-07', NULL, '1.2101.2', '2710.12.10', NULL, NULL, 3.5633, 0.0692),
    ('33', 'multa', 3432, 2018, '2024-03-16', NULL, NULL, '3402.39.20', 158.18, 0.054, NULL, NULL),
    ('3505906', 'if', 3220, 2025, '2025-06-22', NULL, '1.0403.12.00', '3808.62.10', NULL, NULL, 3.2127, 0.0652),
    ('2919306', 'multa', 2651, 2018, '2022-03-02', '2025-01-25', NULL, '8415.10.1', 256.04, 0.0282, NULL, NULL),
    ('4106902', 'if', 1372, 2015, '2016-09-14', NULL, NULL, '3812.39.1', NULL, NULL, 43.7062, 0.037),
    ('42', 'if', 2237, 2019, '2020-11-10', NULL, '1.0502.29.00', NULL, NULL, NULL, 4.2732, 0.0651),
    ('5300108', 'if', 1912, 2015, '2021-09-03', NULL, NULL, NULL, NULL, NULL, 1.5965, 0.0263),
    ('28', 'multa', 1088, 2021, '2022-07-20', NULL, NULL, '8507.10.90', 134.09, 0.1968, NULL, NULL),
    ('24', 'if', 2992, 2017, '2022-04-25', NULL, NULL, '2708.20.00', NULL, NULL, 7.5619, 0.0439),
    ('3550308', 'multa', 3084, 2025, '2025-05-05', NULL, '1.0901.51.16', NULL, 22.37, 0.1613, NULL, NULL),
    ('3146206', 'if', 1337, 2015, '2025-11-01', NULL, NULL, '8711.60.00', NULL, NULL, 346.8039, 0.0409),
    ('3146206', 'multa', 3309, 2018, '2020-08-24', NULL, NULL, NULL, 1005.0, 0.0926, NULL, NULL),
    ('2919306', 'multa', 2630, 2018, '2025-06-19', NULL, NULL, NULL, 56.17, 0.2176, NULL, NULL),
    ('1302603', 'if', 3831, 2025, '2023-08-05', NULL, '1.2403.3', NULL, NULL, NULL, 2.0897, 0.0093),
    ('1302603', 'multa', 3055, 2024, '2017-02-20', NULL, NULL, NULL, 493.32, 0.2052, NULL, NULL),
    ('29', 'multa', 3465, 2026, '2023-10-14', NULL, '1.1806', '9102.21.00', 100.79, 0.0936, NULL, NULL),
    ('13', 'if', 1205, 2016, '2022-06-05', NULL, NULL, NULL, NULL, NULL, 2.3639, 0.0465),
    ('4106902', 'if', 1196, 2023, '2019-04-17', NULL, '1.0903', '8452.90.89', NULL, NULL, 4.2458, 0.0314),
    ('3146107', 'if', 4201, 2023, '2020-08-04', '2027-03-15', '1.1806.39.00', NULL, NULL, NULL, 83.6295, 0.0268),
    ('24', 'if', 3073, 2024, '2021-03-05', NULL, '1.0303.20.00', '8214.10.00', NULL, NULL, 10.5319, 0.0222),
    ('2927408', 'multa', 1980, 2026, '2017-07-27', NULL, '1.1805.2', NULL, 141.86, 0.217, NULL, NULL),
    ('26', 'multa', 4403, 2022, '2016-01-11', NULL, '1.1703.99.00', NULL, 215.07, 0.0426, NULL, NULL),
    ('24', 'if', 4620, 2020, '2023-02-10', NULL, '1.0906.11.00', NULL, NULL, NULL, 7.5832, 0.0233),
    ('3306305', 'if', 810, 2015, '2026-09-08', NULL, NULL, '2930.90.37', NULL, NULL, 3.8055, 0.0172),
    ('3505906', 'if', 2850, 2021, '2015-04-05', NULL, NULL, '8505.20.90', NULL, NULL, 4.4745, 0.048),
    ('4205407', 'multa', 2092, 2020, '2024-12-11', NULL, '1.1806.62.00', NULL, 857.11, 0.0384, NULL, NULL),
    ('26', 'multa', 3189, 2024, '2020-03-12', NULL, '1.2003.24.00', '8462.32.00', 65.5, 0.0707, NULL, NULL),
    ('4106902', 'multa', 3552, 2023, '2022-10-18', NULL, '1.1401.11.00', NULL, 125.85, 0.1089, NULL, NULL),
    ('3550308', 'multa', 1192, 2016, '2024-03-08', NULL, NULL, NULL, 137.5, 0.014, NULL, NULL),
    ('41', 'multa', 4789, 2017, '2026-02-22', '2032-07-10', NULL, NULL, 64.08, 0.1151, NULL, NULL),
    ('3146206', 'if', 4514, 2020, '2016-03-11', NULL, '1.1703.32.00', '3808.92.19', NULL, NULL, 75.1022, 0.002),
    ('31', 'if', 1744, 2022, '2025-05-25', '2031-06-06', '1.0502.24.30', '8471.70.90', NULL, NULL, 3.1169, 0.0681),
    ('3106200', 'if', 3825, 2022, '2021-09-11', NULL, '1.2001.35.00', NULL, NULL, NULL, 1.2974, 0.0707),
    ('28', 'multa', 1640, 2020, '2022-01-06', NULL, NULL, NULL, 252.68, 0.2321, NULL, NULL),
    ('3205309', 'multa', 2923, 2025, '2021-06-18', NULL, '1.1001', '9504.40.00', 211.4, 0.1042, NULL, NULL),
    ('31', 'multa', 4833, 2022, '2019-01-02', NULL, '1.0102.12.00', '3916.10.00', 109.63, 0.1101, NULL, NULL),
    ('3550308', 'multa', 3271, 2023, '2022-02-22', NULL, NULL, '2614.00.10', 59.88, 0.0342, NULL, NULL),
    ('35', 'multa', 2721, 2017, '2024-01-26', '2028-10-01', '1.1901.10.00', NULL, 195.92, 0.0167, NULL, NULL),
    ('35', 'if', 2569, 2026, '2017-10-28', '2018-09-16', NULL, '8429.51.1', NULL, NULL, 8.7091, 0.0028),
    ('3548906', 'multa', 1966, 2020, '2015-01-14', NULL, '1.2003.29.00', NULL, 679.26, 0.0597, NULL, NULL),
    ('4308250', 'if', 1767, 2020, '2016-02-23', NULL, NULL, '3002.12.22', NULL, NULL, 9.0382, 0.0192),
    ('31', 'multa', 506, 2025, '2023-01-01', NULL, NULL, '8541.41.2', 477.58, 0.0976, NULL, NULL),
    ('1302603', 'if', 3898, 2015, '2018-08-20', NULL, NULL, '8418.91.00', NULL, NULL, 9.6575, 0.0354),
    ('26', 'multa', 3648, 2019, '2024-05-28', NULL, '1.2402.10.00', NULL, 203.07, 0.0757, NULL, NULL),
    ('3304557', 'multa', 2272, 2018, '2026-05-30', NULL, NULL, NULL, 334.92, 0.1741, NULL, NULL),
    ('3505906', 'if', 75, 2021, '2016-11-15', NULL, '1.0502.31.10', NULL, NULL, NULL, 6.3806, 0.0383),
    ('29', 'if', 3344, 2022, '2018-09-01', NULL, '1.1401.21.00', '7321.90.00', NULL, NULL, 3.6184, 0.0045),
    ('3205309', 'if', 844, 2023, '2024-06-16', NULL, '1.2501.1', '3806.10.00', NULL, NULL, 0.6249, 0.0249),
    ('51', 'if', 2453, 2019, '2019-07-10', '2025-01-16', '1.0502.24', NULL, NULL, NULL, 2.7468, 0.0572),
    ('3548906', 'multa', 1444, 2021, '2025-01-02', NULL, NULL, '7210.69.19', 142.29, 0.159, NULL, NULL),
    ('35', 'multa', 4218, 2015, '2015-01-27', '2019-04-01', NULL, NULL, 352.06, 0.2204, NULL, NULL),
    ('3304557', 'multa', 1668, 2017, '2017-11-16', NULL, NULL, NULL, 121.83, 0.1116, NULL, NULL),
    ('3146107', 'multa', 2674, 2026, '2017-08-20', NULL, NULL, NULL, 133.05, 0.0589, NULL, NULL),
    ('4106902', 'multa', 2637, 2023, '2022-04-24', '2024-09-16', '1.0102.41.90', NULL, 387.15, 0.1106, NULL, NULL),
    ('3146107', 'multa', 1223, 2021, '2018-04-02', NULL, NULL, NULL, 64.58, 0.204, NULL, NULL),
    ('1302603', 'if', 1734, 2017, '2022-09-08', NULL, '1.2003.29.00', NULL, NULL, NULL, 5.9662, 0.009),
    ('3205309', 'if', 3023, 2020, '2026-09-17', NULL, NULL, NULL, NULL, NULL, 0.8137, 0.04),
    ('3146206', 'multa', 2511, 2026, '2025-08-24', '2030-07-05', '1.2403.31.00', '9030.20.29', 345.62, 0.1923, NULL, NULL),
    ('21', 'multa', 3650, 2019, '2022-02-24', NULL, NULL, '1513.29.19', 207.51, 0.0151, NULL, NULL),
    ('51', 'multa', 706, 2024, '2020-01-25', NULL, '1.2501.1', NULL, 181.57, 0.0748, NULL, NULL),
    ('4308250', 'multa', 1796, 2024, '2019-03-20', NULL, '1.1805.50.00', NULL, 94.94, 0.2255, NULL, NULL),
    ('3146206', 'multa', 1528, 2020, '2015-03-08', NULL, NULL, NULL, 83.22, 0.2011, NULL, NULL),
    ('26', 'multa', 4580, 2017, '2023-11-06', NULL, '1.0701.00.00', NULL, 202.41, 0.0309, NULL, NULL),
    ('51', 'multa', 356, 2021, '2021-10-25', '2025-05-10', NULL, NULL, 254.57, 0.185, NULL, NULL),
    ('2927408', 'multa', 4812, 2016, '2016-08-06', '2020-07-19', NULL, NULL, 50.27, 0.0355, NULL, NULL),
    ('3146206', 'if', 2684, 2026, '2018-04-21', NULL, '1.0502.14.20', '5111.30.10', NULL, NULL, 17.151, 0.0766),
    ('3146107', 'if', 1496, 2021, '2017-08-15', NULL, '1.1105.42.00', NULL, NULL, NULL, 3.06, 0.0792),
    ('3146206', 'multa', 513, 2015, '2023-11-16', '2030-06-15', '1.2507.10.00', NULL, 470.37, 0.0318, NULL, NULL),
    ('4208302', 'if', 507, 2022, '2021-10-02', NULL, NULL, '1702.19.00', NULL, NULL, 3.7899, 0.006),
    ('4308250', 'multa', 1035, 2021, '2025-08-13', '2026-11-28', NULL, '8541.10.1', 234.12, 0.2045, NULL, NULL),
    ('33', 'multa', 1565, 2019, '2022-07-15', NULL, NULL, NULL, 154.03, 0.1725, NULL, NULL),
    ('4208302', 'multa', 2858, 2021, '2024-03-17', NULL, '1.1401.39.00', NULL, 198.39, 0.0155, NULL, NULL),
    ('3501905', 'if', 3009, 2026, '2025-01-20', '2026-09-22', NULL, '2930.90.13', NULL, NULL, 20.3414, 0.035),
    ('32', 'multa', 4441, 2026, '2020-07-04', NULL, '1.1401.1', '2915.70.40', 74.93, 0.0802, NULL, NULL),
    ('41', 'multa', 1017, 2018, '2018-12-04', NULL, '1.0501.14', '2929.90.60', 67.68, 0.0608, NULL, NULL),
    ('32', 'multa', 3208, 2025, '2023-11-27', '2030-06-26', '1.1405.12.00', NULL, 484.03, 0.1907, NULL, NULL),
    ('51', 'if', 1549, 2015, '2019-11-04', NULL, NULL, '0307.49.00', NULL, NULL, 7.1432, 0.0062),
    ('53', 'multa', 2380, 2020, '2023-10-29', '2024-09-07', '1.0901.32.00', '5606.00.00', 220.48, 0.1682, NULL, NULL),
    ('2919306', 'multa', 1865, 2016, '2023-05-03', NULL, '1.1106.43.00', '8532.30.90', 253.17, 0.224, NULL, NULL),
    ('4308250', 'multa', 1491, 2020, '2023-10-03', NULL, '1.2003.10.00', NULL, 239.95, 0.1981, NULL, NULL),
    ('4208302', 'multa', 52, 2024, '2026-02-23', NULL, '1.0608.90.00', NULL, 64.55, 0.1176, NULL, NULL),
    ('4308250', 'multa', 4231, 2023, '2020-10-02', NULL, NULL, '2710.19.99', 208.59, 0.164, NULL, NULL),
    ('5300108', 'multa', 3178, 2022, '2019-06-22', NULL, NULL, '5901.90.00', 96.26, 0.2286, NULL, NULL),
    ('21', 'multa', 2421, 2021, '2021-02-28', NULL, NULL, NULL, 101.17, 0.066, NULL, NULL),
    ('42', 'if', 1632, 2017, '2025-09-26', NULL, NULL, NULL, NULL, NULL, 291.1617, 0.0658),
    ('2927408', 'multa', 4179, 2025, '2025-06-15', '2029-04-16', '1.0403.23.00', '4102.21.00', 314.98, 0.0823, NULL, NULL),
    ('3205309', 'multa', 1623, 2021, '2017-03-18', '2020-01-05', '1.1801.2', NULL, 295.15, 0.0206, NULL, NULL),
    ('3304557', 'multa', 3176, 2017, '2017-02-19', NULL, NULL, '5604.90.90', 4036.9, 0.0243, NULL, NULL),
    ('53', 'if', 4697, 2021, '2024-04-15', NULL, '1.0502.24.20', NULL, NULL, NULL, 3.0784, 0.0528),
    ('42', 'multa', 334, 2015, '2017-02-05', NULL, '1.1404.2', '2919.90.50', 79.81, 0.1467, NULL, NULL),
    ('29', 'if', 643, 2016, '2023-10-26', '2026-01-06', NULL, NULL, NULL, NULL, 2.716, 0.0264),
    ('35', 'multa', 2554, 2020, '2021-10-22', NULL, NULL, '8534.00.39', 213.98, 0.0667, NULL, NULL),
    ('3205309', 'if', 871, 2017, '2022-12-02', NULL, '1.1506.22.00', '2933.91.8', NULL, NULL, 6.9254, 0.0702),
    ('41', 'if', 4192, 2023, '2019-05-14', '2024-12-20', '1.2405.90.00', NULL, NULL, NULL, 2.5498, 0.0413),
    ('4314902', 'if', 4609, 2024, '2024-04-27', NULL, NULL, NULL, NULL, NULL, 3.4604, 0.0714),
    ('4308250', 'multa', 4603, 2021, '2020-02-12', NULL, NULL, NULL, 123.93, 0.1193, NULL, NULL),
    ('4106902', 'multa', 4924, 2024, '2017-10-28', NULL, '1.1107.31.00', NULL, 247.52, 0.0134, NULL, NULL),
    ('2919306', 'if', 1551, 2016, '2018-07-09', NULL, NULL, NULL, NULL, NULL, 0.7289, 0.057),
    ('4106902', 'if', 2948, 2016, '2016-04-15', NULL, '1.1703.22.00', NULL, NULL, NULL, 3.8068, 0.007),
    ('4308250', 'if', 3797, 2024, '2023-06-03', NULL, '1.0702.00.00', '8545.11.00', NULL, NULL, 8.5704, 0.0247),
    ('3205309', 'if', 2630, 2022, '2018-05-30', '2022-01-01', NULL, '9031.49.90', NULL, NULL, 3.4566, 0.0257),
    ('21', 'if', 4221, 2021, '2019-05-11', NULL, NULL, '6111.20.00', NULL, NULL, 19.4685, 0.0182),
    ('3550308', 'if', 2952, 2021, '2020-04-18', NULL, NULL, NULL, NULL, NULL, 2.0271, 0.0019),
    ('3548906', 'if', 3308, 2025, '2015-03-26', NULL, '1.0401.11.11', '9507.10.00', NULL, NULL, 10.8382, 0.0329),
    ('3205309', 'multa', 4175, 2016, '2026-01-17', NULL, '1.0404.10.00', NULL, 121.27, 0.0498, NULL, NULL),
    ('13', 'multa', 4105, 2019, '2026-10-11', '2029-08-08', NULL, NULL, 199.4, 0.1002, NULL, NULL),
    ('3304557', 'if', 1224, 2015, '2018-09-24', NULL, '1.0506.00.00', NULL, NULL, NULL, 76.9447, 0.0121),
    ('24', 'if', 667, 2022, '2023-04-06', NULL, NULL, NULL, NULL, NULL, 104.0294, 0.0103),
    ('3505906', 'multa', 2452, 2026, '2025-09-11', NULL, '1.0905.40.00', NULL, 434.42, 0.0989, NULL, NULL),
    ('35', 'if', 2555, 2021, '2021-04-16', NULL, '1.0606.1', NULL, NULL, NULL, 3.6427, 0.0798),
    ('2919306', 'multa', 3935, 2016, '2019-11-12', NULL, NULL, NULL, 26.91, 0.1015, NULL, NULL),
    ('29', 'if', 171, 2023, '2017-03-21', '2020-10-13', NULL, '8443.32.59', NULL, NULL, 1.078, 0.0154),
    ('43', 'if', 1723, 2025, '2018-11-02', '2019-07-04', NULL, '3005.90.12', NULL, NULL, 3.2265, 0.0406),
    ('3205309', 'multa', 2896, 2016, '2021-05-29', NULL, NULL, NULL, 140.83, 0.0437, NULL, NULL),
    ('3106200', 'if', 606, 2018, '2023-04-15', NULL, '1.2502.30.00', '7410.11.90', NULL, NULL, 5.867, 0.03),
    ('3501905', 'multa', 1638, 2016, '2019-01-12', NULL, NULL, '0307.11.00', 470.55, 0.1938, NULL, NULL),
    ('3548906', 'multa', 1091, 2025, '2026-05-09', NULL, NULL, NULL, 116.07, 0.1516, NULL, NULL),
    ('24', 'multa', 1217, 2022, '2017-10-24', NULL, NULL, '1905.90.20', 95.25, 0.1557, NULL, NULL),
    ('33', 'multa', 4658, 2015, '2026-09-09', NULL, '1.1110.00.00', NULL, 291.61, 0.1487, NULL, NULL),
    ('29', 'multa', 1265, 2018, '2015-04-19', '2020-07-23', NULL, '4802.69.91', 100.93, 0.0759, NULL, NULL),
    ('51', 'multa', 4834, 2026, '2019-06-07', NULL, '1.1411.00.00', NULL, 172.16, 0.1462, NULL, NULL),
    ('35', 'if', 2527, 2024, '2025-06-29', NULL, NULL, '8541.21.91', NULL, NULL, 1.1739, 0.031),
    ('4208302', 'if', 3931, 2024, '2017-09-05', NULL, NULL, '2933.99.33', NULL, NULL, 1.0695, 0.0164),
    ('3205309', 'multa', 242, 2026, '2026-09-20', NULL, '1.0904.35.00', NULL, 1401.43, 0.1143, NULL, NULL),
    ('31', 'if', 1853, 2023, '2025-05-22', NULL, '1.1302', NULL, NULL, NULL, 8.8402, 0.0725),
    ('26', 'multa', 858, 2016, '2015-04-22', NULL, NULL, NULL, 281.28, 0.1496, NULL, NULL),
    ('41', 'multa', 4814, 2019, '2015-05-17', NULL, NULL, '3502.20.00', 97.02, 0.055, NULL, NULL),
    ('13', 'if', 3081, 2020, '2018-11-04', NULL, '1.0910.20.00', NULL, NULL, NULL, 0.7521, 0.0134),
    ('51', 'if', 4911, 2019, '2017-06-12', NULL, '1.1001.12', '3506.10.10', NULL, NULL, 3.0179, 0.0447),
    ('4208302', 'if', 1172, 2020, '2026-08-18', NULL, NULL, NULL, NULL, NULL, 7.7816, 0.01),
    ('42', 'multa', 405, 2026, '2018-06-18', NULL, '1.2405.12.00', NULL, 291.12, 0.0163, NULL, NULL),
    ('53', 'if', 4186, 2016, '2016-09-02', '2020-11-13', NULL, NULL, NULL, NULL, 60.4776, 0.067),
    ('32', 'multa', 2006, 2021, '2016-12-31', NULL, '1.1104.10.00', '2922.49.3', 140.17, 0.0285, NULL, NULL),
    ('31', 'multa', 1184, 2018, '2026-01-31', NULL, NULL, '4820.20.00', 155.93, 0.1547, NULL, NULL),
    ('3306305', 'if', 3119, 2025, '2024-11-04', NULL, NULL, NULL, NULL, NULL, 5.5497, 0.0177),
    ('13', 'if', 2196, 2015, '2025-01-04', NULL, NULL, NULL, NULL, NULL, 91.0433, 0.0382),
    ('4106902', 'multa', 3360, 2018, '2022-02-20', NULL, NULL, '3003.20.95', 303.51, 0.2402, NULL, NULL),
    ('3146206', 'if', 4263, 2023, '2022-07-20', NULL, '1.1806', '2919.90.20', NULL, NULL, 3.0132, 0.0754),
    ('3146206', 'multa', 824, 2018, '2026-03-08', NULL, NULL, '3904.10.90', 551.44, 0.0533, NULL, NULL),
    ('4208302', 'multa', 3512, 2016, '2026-11-25', NULL, '1.2204.10.00', '8416.10.00', 132.2, 0.0113, NULL, NULL),
    ('33', 'multa', 2328, 2020, '2025-07-14', NULL, NULL, NULL, 306.6, 0.0171, NULL, NULL),
    ('42', 'multa', 4326, 2024, '2020-04-21', NULL, '1.1403.29.00', '6004.10.92', 219.44, 0.173, NULL, NULL),
    ('1302603', 'if', 4563, 2019, '2021-01-24', NULL, NULL, NULL, NULL, NULL, 6.6447, 0.0139),
    ('2919306', 'multa', 221, 2026, '2020-09-15', NULL, '1.1703.10.00', '4009.32.10', 267.29, 0.2115, NULL, NULL),
    ('3548906', 'if', 2556, 2016, '2024-03-21', '2024-07-12', NULL, '2707.99.90', NULL, NULL, 3.1572, 0.0467),
    ('3205309', 'if', 253, 2026, '2018-11-07', NULL, NULL, '3812.39.19', NULL, NULL, 1.1598, 0.0046),
    ('24', 'multa', 2216, 2016, '2020-07-20', '2026-06-27', NULL, NULL, 70.44, 0.082, NULL, NULL),
    ('5300108', 'multa', 3260, 2022, '2020-07-08', NULL, NULL, '2915.39.41', 194.89, 0.2161, NULL, NULL),
    ('4208302', 'multa', 386, 2015, '2020-03-05', NULL, '1.2201.20.00', NULL, 99.02, 0.2401, NULL, NULL),
    ('3505906', 'if', 4765, 2018, '2018-02-03', NULL, '1.0908.00.00', NULL, NULL, NULL, 14.39, 0.0793),
    ('24', 'if', 1026, 2023, '2021-09-19', '2026-08-26', '1.0901.33.00', NULL, NULL, NULL, 1.2141, 0.0449),
    ('1302603', 'if', 770, 2019, '2024-01-13', '2028-03-08', '1.1403.22.1', NULL, NULL, NULL, 2.2627, 0.0151),
    ('1302603', 'multa', 1475, 2018, '2024-07-26', NULL, NULL, NULL, 328.55, 0.0146, NULL, NULL),
    ('31', 'if', 1787, 2022, '2018-08-18', NULL, '1.0501.12.10', NULL, NULL, NULL, 0.7949, 0.0621),
    ('35', 'if', 3571, 2026, '2018-03-29', NULL, '1.1806.63.00', NULL, NULL, NULL, 1.5459, 0.0148),
    ('4205407', 'if', 4548, 2026, '2017-09-21', NULL, '1.2205.1', '3006.50.00', NULL, NULL, 3.3276, 0.0563),
    ('42', 'multa', 4167, 2026, '2026-01-12', NULL, '1.0106.1', NULL, 208.24, 0.0322, NULL, NULL),
    ('2919306', 'if', 3212, 2018, '2026-07-05', NULL, NULL, '0713.50.10', NULL, NULL, 2.0004, 0.072),
    ('24', 'multa', 1841, 2018, '2026-01-22', NULL, '1.06', '0502.90.10', 88.89, 0.1365, NULL, NULL),
    ('32', 'if', 201, 2019, '2020-07-09', NULL, NULL, '4106.32.00', NULL, NULL, 66.4784, 0.0469),
    ('4308250', 'if', 3810, 2016, '2022-08-22', NULL, '1.0901.34.00', NULL, NULL, NULL, 2.5723, 0.0385),
    ('2919306', 'if', 3353, 2018, '2017-10-01', NULL, '1.0402.22.00', NULL, NULL, NULL, 36.3336, 0.0729),
    ('3304557', 'if', 368, 2024, '2026-07-05', '2026-09-10', '1.0602.23.00', '2933.39.49', NULL, NULL, 1.0261, 0.0779),
    ('53', 'multa', 1793, 2024, '2015-05-23', '2019-05-09', '1.1409.29.00', NULL, 1888.48, 0.1203, NULL, NULL),
    ('4208302', 'if', 1280, 2020, '2021-05-27', NULL, NULL, NULL, NULL, NULL, 0.3987, 0.0485),
    ('32', 'multa', 1117, 2018, '2021-02-05', NULL, '1.0103.10.00', NULL, 16.97, 0.1509, NULL, NULL),
    ('41', 'multa', 664, 2015, '2024-01-28', NULL, '1.1102.10.00', NULL, 104.16, 0.1737, NULL, NULL),
    ('4314902', 'multa', 3377, 2018, '2022-06-15', NULL, '1.0402.21.90', '5509.53.00', 268.78, 0.1376, NULL, NULL),
    ('3146206', 'multa', 2706, 2020, '2017-04-30', NULL, '1.1403.90.00', NULL, 62.51, 0.0837, NULL, NULL),
    ('3548906', 'multa', 698, 2021, '2017-07-03', '2021-07-29', NULL, '2831.90.90', 122.69, 0.2202, NULL, NULL),
    ('5300108', 'if', 4941, 2022, '2025-11-26', '2026-08-08', '1.1502.20.00', '6704.20.00', NULL, NULL, 1.7418, 0.0268),
    ('43', 'multa', 1725, 2016, '2021-12-23', NULL, '1.0901.5', '2710.19.11', 66.26, 0.0287, NULL, NULL),
    ('2919306', 'if', 1588, 2026, '2017-12-24', NULL, '1.2402.10.00', '7202.49.00', NULL, NULL, 17.4364, 0.0431),
    ('4308250', 'multa', 4327, 2019, '2025-05-26', NULL, NULL, NULL, 105.94, 0.0607, NULL, NULL),
    ('33', 'if', 1975, 2023, '2022-04-02', NULL, NULL, '3003.10.11', NULL, NULL, 0.7165, 0.0254),
    ('3146107', 'multa', 877, 2024, '2019-09-12', '2022-08-06', NULL, NULL, 308.11, 0.1095, NULL, NULL),
    ('26', 'multa', 4319, 2023, '2016-10-14', NULL, NULL, '2806.10.20', 3427.75, 0.1876, NULL, NULL),
    ('4106902', 'if', 2288, 2017, '2024-09-12', '2031-03-06', '1.0503.24.00', '4407.29.90', NULL, NULL, 2.8065, 0.0778),
    ('3205309', 'if', 3254, 2021, '2015-08-15', '2021-02-06', '1.0604.22.00', NULL, NULL, NULL, 1.9344, 0.0656),
    ('21', 'multa', 3895, 2022, '2024-04-13', NULL, '1.0901.51.23', '0301.94.10', 169.49, 0.1053, NULL, NULL),
    ('1302603', 'multa', 2139, 2018, '2025-02-27', '2029-07-28', '1.0403.1', NULL, 505.56, 0.2416, NULL, NULL),
    ('32', 'if', 1731, 2018, '2024-07-24', NULL, '1.0403.12.00', NULL, NULL, NULL, 3.3295, 0.0171),
    ('3501905', 'multa', 2202, 2015, '2024-12-17', NULL, '1.0102.61.00', NULL, 162.19, 0.035, NULL, NULL),
    ('42', 'multa', 2506, 2026, '2018-01-21', '2019-02-11', NULL, NULL, 118.81, 0.2344, NULL, NULL),
    ('26', 'if', 2467, 2022, '2015-10-02', NULL, '1.2501.2', '6112.11.00', NULL, NULL, 3.2816, 0.0492),
    ('3501905', 'if', 3180, 2025, '2016-09-07', NULL, '1.1403.29.00', '8451.40.2', NULL, NULL, 4.0898, 0.0755),
    ('3146107', 'if', 4639, 2018, '2016-10-12', '2021-07-08', NULL, '8514.90.00', NULL, NULL, 1.7845, 0.0257),
    ('41', 'if', 4999, 2024, '2019-10-25', NULL, NULL, '9025.11.1', NULL, NULL, 10.6901, 0.0376),
    ('3146107', 'multa', 4494, 2018, '2016-12-21', '2018-08-24', '1.1701.34.00', '1507.90.19', 393.39, 0.22, NULL, NULL),
    ('4205407', 'if', 30, 2020, '2021-03-29', NULL, '1.0202.00.00', '7207.19.00', NULL, NULL, 4.149, 0.0757),
    ('32', 'if', 3242, 2022, '2024-01-31', NULL, NULL, '3701.20.10', NULL, NULL, 0.3085, 0.0167),
    ('4106902', 'if', 4071, 2018, '2016-11-05', NULL, '1.1805.11.00', NULL, NULL, NULL, 1.9154, 0.0583),
    ('13', 'if', 4305, 2024, '2023-08-05', NULL, '1.0402.23.00', NULL, NULL, NULL, 67.3285, 0.0306),
    ('4205407', 'if', 2926, 2016, '2019-08-28', NULL, NULL, NULL, NULL, NULL, 1.587, 0.0418),
    ('3304557', 'if', 2472, 2026, '2021-05-27', NULL, NULL, '8445.40.11', NULL, NULL, 3.2798, 0.0737),
    ('32', 'if', 883, 2017, '2024-09-16', NULL, '1.1401', '9007.20.90', NULL, NULL, 7.209, 0.0341),
    ('4205407', 'if', 2823, 2022, '2018-03-20', NULL, '1.0502.23', '5804.10.90', NULL, NULL, 117.8658, 0.0358),
    ('21', 'multa', 368, 2026, '2022-05-16', NULL, '1.0502.21', NULL, 89.99, 0.1218, NULL, NULL),
    ('3304557', 'if', 3241, 2020, '2018-07-07', NULL, '1.1401.2', '2916.13.10', NULL, NULL, 6.3929, 0.0153),
    ('4308250', 'multa', 2089, 2019, '2026-11-03', NULL, NULL, NULL, 67.05, 0.155, NULL, NULL),
    ('3106200', 'if', 2633, 2022, '2021-10-19', '2026-04-23', '1.0501.24.2', '8465.96.00', NULL, NULL, 1.3188, 0.01),
    ('32', 'multa', 2415, 2017, '2023-03-12', '2029-06-10', '1.0904', NULL, 114.19, 0.1092, NULL, NULL),
    ('2919306', 'multa', 692, 2020, '2022-02-14', NULL, '1.1409.22.00', NULL, 1017.95, 0.1941, NULL, NULL),
    ('13', 'multa', 4445, 2017, '2018-06-01', NULL, '1.1106.3', NULL, 119.15, 0.0134, NULL, NULL),
    ('13', 'multa', 1759, 2024, '2019-11-25', '2020-07-20', NULL, NULL, 100.42, 0.182, NULL, NULL),
    ('53', 'if', 3875, 2023, '2017-06-28', NULL, NULL, NULL, NULL, NULL, 61.9229, 0.0092),
    ('2919306', 'multa', 835, 2022, '2022-04-10', NULL, '1.1105.20.00', '3907.29.12', 946.78, 0.0297, NULL, NULL),
    ('3146206', 'if', 3589, 2021, '2019-06-09', NULL, '1.0910', NULL, NULL, NULL, 3.646, 0.0668),
    ('33', 'multa', 3987, 2021, '2016-11-30', NULL, '1.1107.3', NULL, 112.22, 0.0496, NULL, NULL),
    ('13', 'if', 3945, 2016, '2017-02-13', NULL, NULL, NULL, NULL, NULL, 3.3795, 0.0533),
    ('28', 'if', 1908, 2018, '2020-08-31', NULL, '1.0106.32.00', '6101.20.00', NULL, NULL, 2.2265, 0.014),
    ('4314902', 'multa', 2788, 2026, '2015-01-01', '2021-10-25', '1.0910.10.00', '8456.30.90', 121.71, 0.1429, NULL, NULL),
    ('3550308', 'multa', 486, 2015, '2018-10-09', NULL, NULL, NULL, 189.96, 0.0375, NULL, NULL),
    ('41', 'multa', 3506, 2017, '2015-10-31', NULL, NULL, NULL, 150.27, 0.146, NULL, NULL),
    ('21', 'if', 2248, 2021, '2022-07-13', NULL, '1.0906.90.00', '6204.21.00', NULL, NULL, 6.7184, 0.0173),
    ('3550308', 'if', 1888, 2019, '2024-05-31', NULL, '1.0401.41.00', NULL, NULL, NULL, 6.1613, 0.0277),
    ('4208302', 'if', 106, 2023, '2024-04-03', NULL, NULL, NULL, NULL, NULL, 2.4976, 0.0377),
    ('3548906', 'multa', 3769, 2021, '2022-02-06', '2023-10-09', NULL, NULL, 1749.24, 0.056, NULL, NULL),
    ('4314902', 'multa', 3145, 2025, '2016-06-07', NULL, '1.2201.12.00', '2841.90.8', 188.74, 0.2241, NULL, NULL),
    ('2927408', 'if', 45, 2019, '2020-04-19', NULL, NULL, NULL, NULL, NULL, 166.4555, 0.0545),
    ('35', 'multa', 4592, 2025, '2019-03-22', '2020-09-30', NULL, NULL, 63.8, 0.037, NULL, NULL),
    ('28', 'if', 1670, 2015, '2016-10-11', '2018-05-18', '1.0501.19.00', '8536.30.10', NULL, NULL, 82.4421, 0.0016),
    ('43', 'if', 2711, 2019, '2018-05-03', NULL, NULL, NULL, NULL, NULL, 3.0914, 0.0042),
    ('3550308', 'multa', 656, 2017, '2018-08-23', NULL, NULL, NULL, 421.89, 0.0886, NULL, NULL),
    ('3501905', 'multa', 2528, 2021, '2019-10-19', NULL, '1.0502.23.20', NULL, 69.46, 0.1583, NULL, NULL),
    ('53', 'if', 3673, 2019, '2020-04-25', NULL, NULL, '2939.59.10', NULL, NULL, 38.6857, 0.0611),
    ('42', 'multa', 3973, 2019, '2022-11-05', NULL, NULL, NULL, 63.16, 0.2029, NULL, NULL),
    ('29', 'if', 1382, 2021, '2018-03-05', NULL, '1.0501.12.10', '3507.10.00', NULL, NULL, 2.3601, 0.0774),
    ('4106902', 'if', 1855, 2024, '2022-07-14', NULL, '1.0103.41.00', '8538.10.00', NULL, NULL, 1.7864, 0.0395),
    ('4308250', 'multa', 3882, 2024, '2018-04-16', NULL, NULL, NULL, 91.43, 0.1645, NULL, NULL),
    ('3550308', 'multa', 2335, 2018, '2022-04-07', '2026-07-24', '1.0504.12.00', '9022.12.00', 475.73, 0.1902, NULL, NULL),
    ('4205407', 'multa', 3203, 2025, '2016-02-24', NULL, NULL, '1508.90.00', 104.99, 0.103, NULL, NULL),
    ('24', 'if', 82, 2018, '2019-07-01', NULL, '1.1402.1', '2933.29.25', NULL, NULL, 6.08, 0.0151),
    ('3304557', 'if', 2297, 2018, '2019-07-31', NULL, NULL, '3911.20.00', NULL, NULL, 4.3635, 0.0521),
    ('3146107', 'multa', 1321, 2019, '2026-06-16', NULL, NULL, NULL, 191.36, 0.245, NULL, NULL),
    ('3146107', 'multa', 3034, 2015, '2019-12-29', NULL, '1.0504.2', '3701.10.21', 137.4, 0.0196, NULL, NULL),
    ('3550308', 'if', 3133, 2023, '2015-12-22', '2022-06-03', NULL, '9102.19.00', NULL, NULL, 1.5799, 0.0049),
    ('2927408', 'if', 1186, 2026, '2019-11-28', NULL, NULL, '0713.33.9', NULL, NULL, 2.7277, 0.0648),
    ('3205309', 'multa', 927, 2026, '2025-08-04', NULL, '1.0401.15.20', NULL, 375.92, 0.2425, NULL, NULL),
    ('3306305', 'if', 1924, 2017, '2017-12-10', NULL, NULL, NULL, NULL, NULL, 5.0033, 0.075),
    ('31', 'multa', 3187, 2025, '2019-04-11', NULL, NULL, NULL, 603.63, 0.1889, NULL, NULL),
    ('3306305', 'if', 2425, 2025, '2021-10-03', NULL, NULL, '7407.10.10', NULL, NULL, 2.8495, 0.0106),
    ('35', 'if', 1211, 2018, '2024-02-07', NULL, NULL, '9028.90.10', NULL, NULL, 1.1692, 0.0656),
    ('2927408', 'if', 3432, 2024, '2021-05-18', NULL, NULL, '8711.50.00', NULL, NULL, 13.7829, 0.0502),
    ('21', 'multa', 3862, 2020, '2021-07-11', '2026-10-27', NULL, NULL, 403.51, 0.0802, NULL, NULL),
    ('3306305', 'multa', 4949, 2017, '2017-01-12', NULL, '1.0501.21.20', '8441.90.00', 233.7, 0.0484, NULL, NULL),
    ('4308250', 'multa', 1864, 2018, '2021-11-10', NULL, NULL, '3004.49.30', 52.77, 0.1876, NULL, NULL),
    ('24', 'multa', 3429, 2018, '2019-07-15', NULL, NULL, '9014.20.20', 62.55, 0.0961, NULL, NULL),
    ('35', 'if', 3043, 2018, '2021-01-06', NULL, '1.1805.31.00', NULL, NULL, NULL, 10.3699, 0.0433),
    ('3548906', 'if', 2323, 2023, '2017-12-23', NULL, NULL, '8517.61.91', NULL, NULL, 1.562, 0.0034),
    ('32', 'if', 805, 2023, '2024-09-11', NULL, '1.1501.10.00', NULL, NULL, NULL, 5.7259, 0.0239),
    ('29', 'multa', 2007, 2023, '2016-11-28', NULL, '1.0103', NULL, 43.84, 0.1433, NULL, NULL),
    ('3550308', 'multa', 3404, 2016, '2019-08-22', NULL, NULL, '5205.14.00', 145.17, 0.1519, NULL, NULL),
    ('3306305', 'multa', 3549, 2018, '2024-07-21', NULL, NULL, NULL, 141.58, 0.0548, NULL, NULL),
    ('33', 'multa', 3315, 2022, '2015-10-22', NULL, NULL, NULL, 227.17, 0.214, NULL, NULL),
    ('35', 'multa', 4351, 2024, '2025-09-29', NULL, NULL, NULL, 183.2, 0.23, NULL, NULL),
    ('3501905', 'if', 1609, 2025, '2015-06-29', NULL, '1.0502.14.52', '2925.12.00', NULL, NULL, 2.3289, 0.0563),
    ('1302603', 'multa', 2196, 2016, '2021-10-05', NULL, NULL, '8903.99.00', 174.93, 0.026, NULL, NULL),
    ('35', 'multa', 2566, 2017, '2024-12-07', NULL, '1.0107.60.00', NULL, 185.84, 0.2367, NULL, NULL),
    ('43', 'if', 1812, 2020, '2021-09-26', NULL, NULL, '5402.11.00', NULL, NULL, 1.5256, 0.0549),
    ('3501905', 'if', 1950, 2024, '2019-09-13', '2021-11-22', NULL, NULL, NULL, NULL, 1.3979, 0.0373),
    ('53', 'if', 1367, 2022, '2015-04-08', '2017-07-11', '1.0901.51.22', '8544.49.00', NULL, NULL, 4.3888, 0.0154),
    ('3548906', 'if', 894, 2018, '2018-04-11', NULL, NULL, '3808.99.11', NULL, NULL, 4.4387, 0.035),
    ('53', 'if', 2240, 2025, '2020-09-13', NULL, NULL, NULL, NULL, NULL, 25.9497, 0.0242),
    ('13', 'multa', 1546, 2018, '2015-03-10', NULL, NULL, '2941.10.90', 48.51, 0.1813, NULL, NULL),
    ('3205309', 'multa', 4666, 2017, '2024-09-06', NULL, NULL, '7318.15.00', 86.49, 0.1885, NULL, NULL),
    ('28', 'if', 3258, 2019, '2016-06-15', NULL, '1.0906.40.00', '8506.60.10', NULL, NULL, 8.6782, 0.0132),
    ('41', 'multa', 2596, 2017, '2020-08-25', '2022-07-17', '1.1803.2', '2820.90.30', 142.91, 0.2114, NULL, NULL),
    ('3106200', 'multa', 973, 2023, '2022-03-06', NULL, NULL, '8451.40.21', 631.35, 0.1504, NULL, NULL),
    ('53', 'multa', 1451, 2015, '2025-06-04', NULL, NULL, NULL, 299.48, 0.0497, NULL, NULL),
    ('35', 'if', 3426, 2026, '2016-11-18', NULL, NULL, NULL, NULL, NULL, 15.6011, 0.0418),
    ('33', 'multa', 3806, 2015, '2022-07-11', NULL, '1.1805.31.00', NULL, 68.03, 0.1428, NULL, NULL),
    ('32', 'multa', 2209, 2017, '2015-11-16', NULL, NULL, NULL, 141.82, 0.0193, NULL, NULL),
    ('3550308', 'multa', 3842, 2017, '2022-07-19', NULL, NULL, '8705.20.00', 55.55, 0.1249, NULL, NULL),
    ('24', 'multa', 2792, 2020, '2023-05-29', NULL, '1.2205.11.00', NULL, 575.75, 0.1343, NULL, NULL),
    ('3146206', 'if', 4308, 2020, '2015-09-13', NULL, '1.0502.12.20', '3816.00.19', NULL, NULL, 2.7996, 0.0108),
    ('3501905', 'multa', 1085, 2019, '2023-02-13', NULL, NULL, NULL, 94.63, 0.1264, NULL, NULL),
    ('26', 'if', 3190, 2024, '2023-05-21', NULL, NULL, NULL, NULL, NULL, 2.12, 0.0777),
    ('32', 'if', 854, 2024, '2015-08-19', NULL, NULL, NULL, NULL, NULL, 10.6597, 0.0043),
    ('2919306', 'multa', 755, 2022, '2015-12-30', NULL, NULL, '0805.10.00', 54.3, 0.2166, NULL, NULL),
    ('2919306', 'if', 2032, 2020, '2020-05-15', NULL, '1.2404.22.00', NULL, NULL, NULL, 1.6192, 0.0495),
    ('2919306', 'if', 3899, 2025, '2017-06-19', '2021-04-01', '1.0401.16.90', NULL, NULL, NULL, 98.2898, 0.0494),
    ('5300108', 'if', 2597, 2022, '2024-07-13', NULL, NULL, NULL, NULL, NULL, 2.9611, 0.0259),
    ('3304557', 'multa', 1446, 2018, '2015-01-03', NULL, '1.0905.21.00', NULL, 134.1, 0.0992, NULL, NULL),
    ('4314902', 'multa', 4313, 2016, '2015-06-14', NULL, '1.2502.10.00', NULL, 324.44, 0.1898, NULL, NULL),
    ('26', 'multa', 142, 2016, '2016-08-08', NULL, NULL, NULL, 388.51, 0.0388, NULL, NULL),
    ('32', 'if', 893, 2024, '2020-11-14', NULL, NULL, '0207.14.39', NULL, NULL, 2.0637, 0.0025),
    ('53', 'if', 4402, 2016, '2022-08-14', NULL, '1.1801.2', '0210.12.00', NULL, NULL, 5.1527, 0.0276),
    ('3106200', 'if', 2271, 2023, '2022-07-06', NULL, '1.1404.1', '8504.50.90', NULL, NULL, 8.5753, 0.0059),
    ('2919306', 'multa', 2959, 2020, '2022-10-04', NULL, '1.1702.10.00', '8541.30.2', 197.91, 0.1672, NULL, NULL),
    ('3501905', 'if', 2235, 2016, '2023-12-13', NULL, NULL, NULL, NULL, NULL, 17.4808, 0.0616),
    ('53', 'multa', 3341, 2016, '2016-10-01', NULL, '1.1409', '0804.50.10', 165.64, 0.1302, NULL, NULL),
    ('41', 'if', 874, 2026, '2020-08-23', NULL, '1.0402.13', '8449.00.20', NULL, NULL, 2.1328, 0.0103),
    ('29', 'multa', 1038, 2022, '2016-03-01', NULL, NULL, '7226.91.00', 233.02, 0.1634, NULL, NULL),
    ('24', 'if', 2958, 2016, '2023-04-28', NULL, '1.1805.2', NULL, NULL, NULL, 6.8047, 0.0127),
    ('35', 'multa', 3287, 2016, '2023-06-21', NULL, NULL, NULL, 224.85, 0.137, NULL, NULL),
    ('2919306', 'if', 1560, 2026, '2019-07-20', NULL, NULL, NULL, NULL, NULL, 9.5193, 0.0095),
    ('4314902', 'multa', 1490, 2023, '2025-07-08', NULL, '1.1106.90.00', NULL, 5826.83, 0.0621, NULL, NULL),
    ('2919306', 'multa', 1428, 2017, '2017-10-16', NULL, NULL, '3808.62.90', 127.16, 0.2047, NULL, NULL),
    ('43', 'multa', 785, 2022, '2022-01-21', '2023-08-11', '1.1504.00.00', NULL, 126.25, 0.1597, NULL, NULL),
    ('4205407', 'if', 1731, 2023, '2020-04-01', NULL, NULL, NULL, NULL, NULL, 13.5591, 0.0647),
    ('31', 'if', 1527, 2019, '2018-10-08', NULL, '1.1403.22.11', NULL, NULL, NULL, 44.72, 0.0329),
    ('1302603', 'if', 146, 2019, '2020-12-24', NULL, '1.1403.29.00', NULL, NULL, NULL, 8.5064, 0.0089),
    ('33', 'multa', 2609, 2018, '2016-11-26', NULL, '1.2001.34.20', NULL, 75.58, 0.1212, NULL, NULL),
    ('3205309', 'if', 2464, 2024, '2016-11-25', NULL, '1.0903.21.00', '0208.30.00', NULL, NULL, 10.8748, 0.0471),
    ('3550308', 'multa', 467, 2021, '2023-09-28', NULL, '1.1806.53.00', NULL, 85.61, 0.0435, NULL, NULL),
    ('4106902', 'multa', 3135, 2019, '2024-06-02', NULL, '1.0401.17', '8479.89.21', 440.78, 0.07, NULL, NULL),
    ('3550308', 'if', 3186, 2022, '2017-04-05', '2020-01-12', NULL, NULL, NULL, NULL, 3.3702, 0.0388),
    ('3501905', 'if', 1017, 2023, '2018-09-29', NULL, NULL, '8701.93.00', NULL, NULL, 4.0427, 0.0486),
    ('21', 'if', 2667, 2022, '2017-05-01', NULL, NULL, '8468.80.90', NULL, NULL, 2.3041, 0.0028),
    ('26', 'multa', 471, 2016, '2020-03-19', NULL, '1.0904.39.00', NULL, 84.55, 0.0104, NULL, NULL),
    ('3304557', 'multa', 518, 2023, '2023-08-14', NULL, NULL, '8471.60.6', 856.81, 0.0969, NULL, NULL),
    ('24', 'multa', 2949, 2025, '2020-04-08', NULL, '1.1413.00.00', NULL, 278.17, 0.2144, NULL, NULL),
    ('4314902', 'if', 1208, 2025, '2016-11-02', NULL, '1.1302.22.00', NULL, NULL, NULL, 4.4958, 0.0327),
    ('4205407', 'multa', 1481, 2022, '2023-04-26', NULL, NULL, NULL, 217.04, 0.0519, NULL, NULL),
    ('31', 'if', 3019, 2022, '2016-10-15', NULL, NULL, '3913.90.30', NULL, NULL, 8.0463, 0.0561),
    ('3146107', 'if', 3332, 2015, '2024-05-12', NULL, NULL, NULL, NULL, NULL, 2.6612, 0.0268),
    ('21', 'if', 4753, 2023, '2021-05-13', NULL, '1.2507.90.00', NULL, NULL, NULL, 4.6798, 0.0703),
    ('3550308', 'if', 4188, 2016, '2023-07-16', NULL, '1.0502.19.00', '2933.91.33', NULL, NULL, 1.4223, 0.0279),
    ('43', 'multa', 527, 2021, '2018-06-14', NULL, '1.0906.20.00', NULL, 39.75, 0.0358, NULL, NULL),
    ('42', 'if', 4667, 2019, '2024-12-24', NULL, '1.1201.50.00', NULL, NULL, NULL, 0.7838, 0.0246),
    ('28', 'if', 1267, 2015, '2024-05-02', NULL, '1.1806.59.00', NULL, NULL, NULL, 6.7271, 0.0412),
    ('29', 'multa', 1678, 2019, '2020-05-18', NULL, NULL, NULL, 220.14, 0.1903, NULL, NULL),
    ('28', 'multa', 533, 2026, '2015-06-12', '2022-02-24', '1.1105', NULL, 486.76, 0.02, NULL, NULL),
    ('2927408', 'multa', 4070, 2020, '2016-11-19', NULL, NULL, '8202.99.90', 38.54, 0.1593, NULL, NULL),
    ('21', 'multa', 2597, 2022, '2016-01-19', NULL, NULL, '2933.39.29', 36.14, 0.0367, NULL, NULL),
    ('3146206', 'multa', 4190, 2017, '2024-11-12', NULL, '1.1402.22.00', NULL, 281.78, 0.1492, NULL, NULL),
    ('3304557', 'if', 1177, 2023, '2018-12-30', NULL, '1.1103.43.00', '2843.29.90', NULL, NULL, 0.624, 0.0175),
    ('41', 'multa', 4367, 2016, '2015-01-12', NULL, NULL, '3208.20.19', 628.78, 0.2071, NULL, NULL),
    ('3304557', 'if', 1504, 2023, '2020-09-18', NULL, NULL, '8454.90.10', NULL, NULL, 3.2859, 0.0783),
    ('3548906', 'multa', 2527, 2023, '2017-04-14', '2019-07-08', '1.1402.90.00', '6115.10.1', 174.17, 0.0958, NULL, NULL),
    ('29', 'if', 3650, 2015, '2022-06-03', NULL, NULL, '2915.39.91', NULL, NULL, 11.6094, 0.0766),
    ('21', 'if', 4438, 2023, '2016-03-13', NULL, NULL, NULL, NULL, NULL, 8.8113, 0.0117),
    ('1302603', 'if', 3010, 2022, '2025-02-12', NULL, NULL, NULL, NULL, NULL, 6.4793, 0.0017),
    ('33', 'multa', 2937, 2017, '2025-10-21', NULL, '1.1408.12.00', NULL, 608.56, 0.0104, NULL, NULL),
    ('43', 'if', 3505, 2025, '2017-04-16', NULL, NULL, NULL, NULL, NULL, 1.4692, 0.0416),
    ('4205407', 'if', 3573, 2024, '2016-07-02', NULL, NULL, '3003.39.26', NULL, NULL, 1.0525, 0.021),
    ('3501905', 'multa', 1086, 2020, '2022-09-28', '2028-06-12', '1.2501.21.00', NULL, 126.02, 0.1775, NULL, NULL),
    ('3501905', 'if', 4366, 2018, '2015-01-15', NULL, '1.0105', '8541.21.20', NULL, NULL, 4.1621, 0.0545),
    ('2919306', 'if', 1828, 2020, '2022-02-14', '2026-09-06', '1.0505.10.00', '4418.91.00', NULL, NULL, 27.0055, 0.0635),
    ('33', 'multa', 3900, 2025, '2018-04-26', NULL, '1.1108', '8457.20.90', 145.76, 0.2319, NULL, NULL),
    ('26', 'if', 2927, 2023, '2017-03-01', NULL, '1.2501.12.00', '0102.39.90', NULL, NULL, 1.2076, 0.0285),
    ('4205407', 'multa', 2435, 2023, '2025-09-04', NULL, NULL, NULL, 59.44, 0.0512, NULL, NULL),
    ('3306305', 'multa', 2172, 2022, '2016-05-18', NULL, NULL, '2820.10.90', 86.08, 0.1159, NULL, NULL),
    ('2919306', 'if', 3481, 2021, '2024-06-25', NULL, '1.1801.12.00', NULL, NULL, NULL, 2.7206, 0.0648),
    ('2927408', 'if', 4284, 2018, '2021-04-20', '2026-04-30', '1.1404.12.00', NULL, NULL, NULL, 7.9222, 0.0314),
    ('2919306', 'if', 282, 2026, '2024-05-01', NULL, NULL, '8425.11.00', NULL, NULL, 2.5495, 0.066),
    ('4308250', 'multa', 1748, 2021, '2019-12-31', NULL, NULL, NULL, 171.09, 0.0205, NULL, NULL),
    ('3550308', 'if', 3543, 2022, '2025-08-25', NULL, NULL, NULL, NULL, NULL, 6.9479, 0.0471),
    ('42', 'if', 3609, 2021, '2019-02-26', NULL, '1.2201.30.00', '8472.90.91', NULL, NULL, 0.5294, 0.0586),
    ('3205309', 'multa', 85, 2017, '2020-08-04', NULL, NULL, '9030.84.20', 427.74, 0.2414, NULL, NULL),
    ('3106200', 'if', 3490, 2020, '2016-07-25', '2022-03-11', NULL, NULL, NULL, NULL, 0.6711, 0.0571),
    ('42', 'multa', 324, 2026, '2022-02-01', NULL, '1.0902', NULL, 86.45, 0.168, NULL, NULL),
    ('3146107', 'multa', 4576, 2019, '2024-03-17', NULL, NULL, '5205.48.00', 102.59, 0.1923, NULL, NULL),
    ('35', 'multa', 3204, 2023, '2026-06-19', NULL, '1.05', '4810.13.89', 270.49, 0.0307, NULL, NULL),
    ('33', 'multa', 1175, 2017, '2020-08-17', NULL, NULL, NULL, 168.52, 0.2411, NULL, NULL),
    ('29', 'if', 1739, 2025, '2019-02-14', NULL, '1.2404.33.00', NULL, NULL, NULL, 4.9699, 0.0155),
    ('3146206', 'if', 2502, 2023, '2024-03-04', NULL, NULL, '8479.89.99', NULL, NULL, 2.2862, 0.0606),
    ('4308250', 'multa', 1086, 2021, '2019-06-15', NULL, NULL, NULL, 49.41, 0.052, NULL, NULL),
    ('33', 'multa', 1054, 2025, '2020-02-18', NULL, '1.0602.33.00', NULL, 162.65, 0.1332, NULL, NULL),
    ('5300108', 'if', 413, 2017, '2023-02-07', NULL, '1.19', '5407.71.00', NULL, NULL, 26.6066, 0.0154),
    ('41', 'if', 536, 2022, '2024-04-03', NULL, NULL, NULL, NULL, NULL, 2.6813, 0.0559),
    ('28', 'multa', 3177, 2015, '2025-12-12', NULL, '1.1803.22.00', NULL, 288.73, 0.1605, NULL, NULL),
    ('43', 'multa', 824, 2022, '2018-08-23', NULL, NULL, NULL, 1876.24, 0.1727, NULL, NULL),
    ('32', 'multa', 1045, 2024, '2026-08-29', NULL, '1.1401.21.00', NULL, 250.91, 0.0683, NULL, NULL),
    ('2919306', 'multa', 3562, 2021, '2025-08-19', NULL, '1.0901.51.16', '0302.52.00', 184.98, 0.0339, NULL, NULL),
    ('3550308', 'multa', 789, 2018, '2021-05-15', '2023-07-15', NULL, NULL, 109.37, 0.0377, NULL, NULL),
    ('53', 'multa', 1893, 2022, '2022-03-05', NULL, '1.2602', '8802.30.2', 182.0, 0.1382, NULL, NULL),
    ('4308250', 'if', 4850, 2024, '2016-04-20', NULL, '1.0403.39.00', '3907.10.31', NULL, NULL, 3.0593, 0.073),
    ('3304557', 'multa', 4453, 2025, '2015-12-06', NULL, NULL, NULL, 263.87, 0.0669, NULL, NULL),
    ('26', 'if', 4380, 2019, '2015-07-12', '2019-04-01', NULL, NULL, NULL, NULL, 5.1266, 0.0648),
    ('21', 'multa', 4356, 2022, '2025-04-26', NULL, '1.1102.20.00', NULL, 140.67, 0.0653, NULL, NULL),
    ('3106200', 'multa', 1453, 2017, '2017-03-08', NULL, '1.1201.40.00', NULL, 133.84, 0.0972, NULL, NULL),
    ('43', 'if', 788, 2024, '2022-08-10', NULL, NULL, NULL, NULL, NULL, 1.6131, 0.0614),
    ('3306305', 'if', 4121, 2024, '2015-01-01', '2020-04-10', NULL, '3603.60.00', NULL, NULL, 16.8411, 0.0083),
    ('53', 'multa', 1027, 2016, '2025-11-18', NULL, '1.1703.92.00', '4403.41.00', 377.7, 0.1451, NULL, NULL),
    ('32', 'multa', 3471, 2023, '2022-05-23', NULL, '1.1109.20.00', '8716.31.00', 41.61, 0.229, NULL, NULL),
    ('4308250', 'multa', 3819, 2021, '2022-05-05', NULL, '1.01', NULL, 192.28, 0.2413, NULL, NULL),
    ('3505906', 'if', 3860, 2019, '2016-09-13', NULL, '1.0503.2', NULL, NULL, NULL, 3.1931, 0.0254),
    ('24', 'if', 3688, 2015, '2016-12-31', NULL, NULL, NULL, NULL, NULL, 11.7351, 0.0193),
    ('4308250', 'multa', 4032, 2026, '2016-05-14', NULL, NULL, '1604.17.00', 119.75, 0.0168, NULL, NULL),
    ('3146206', 'if', 4660, 2022, '2019-03-01', NULL, NULL, NULL, NULL, NULL, 0.3055, 0.0196),
    ('24', 'if', 4255, 2025, '2015-09-09', NULL, '1.2001.32.00', NULL, NULL, NULL, 9.8655, 0.0109),
    ('5300108', 'if', 1614, 2019, '2023-10-17', NULL, NULL, '8521.10.89', NULL, NULL, 2.7309, 0.0525),
    ('4314902', 'if', 4964, 2021, '2026-01-16', NULL, NULL, '3507.90.24', NULL, NULL, 2.5866, 0.0356),
    ('3106200', 'multa', 1064, 2021, '2023-04-26', NULL, '1.0401.12', '8525.50.24', 140.22, 0.1321, NULL, NULL),
    ('3106200', 'if', 677, 2024, '2019-06-01', '2025-05-01', NULL, NULL, NULL, NULL, 52.5702, 0.0301),
    ('29', 'if', 1551, 2025, '2023-06-08', NULL, NULL, '2924.19.39', NULL, NULL, 2.264, 0.0051),
    ('2919306', 'if', 2817, 2025, '2026-11-17', NULL, NULL, '6704.90.00', NULL, NULL, 0.8161, 0.0578),
    ('3306305', 'multa', 575, 2015, '2020-06-20', '2023-03-12', NULL, '5516.43.00', 102.52, 0.1281, NULL, NULL),
    ('3501905', 'multa', 425, 2024, '2021-05-26', NULL, '1.0401.16.90', '3917.10.10', 141.36, 0.1787, NULL, NULL),
    ('42', 'if', 829, 2023, '2018-07-15', NULL, NULL, '4810.14.8', NULL, NULL, 12.7821, 0.0038),
    ('24', 'multa', 2882, 2018, '2019-05-10', NULL, NULL, '9303.10.00', 196.27, 0.2117, NULL, NULL),
    ('51', 'if', 4622, 2022, '2025-09-29', NULL, NULL, NULL, NULL, NULL, 11.1408, 0.0345),
    ('4208302', 'multa', 3443, 2016, '2026-10-08', NULL, '1.1104.10.00', '3824.99.25', 396.75, 0.2408, NULL, NULL),
    ('24', 'if', 1395, 2015, '2026-10-06', '2032-05-15', NULL, '2921.59.29', NULL, NULL, 5.7834, 0.0747),
    ('4205407', 'multa', 171, 2018, '2021-03-15', NULL, '1.2205.12.00', NULL, 72.21, 0.1872, NULL, NULL),
    ('13', 'multa', 1101, 2019, '2018-09-22', NULL, '1.2406.10.00', NULL, 211.74, 0.216, NULL, NULL),
    ('3550308', 'multa', 2439, 2024, '2016-04-03', NULL, NULL, NULL, 2030.87, 0.0518, NULL, NULL),
    ('41', 'multa', 1154, 2017, '2023-03-06', '2023-11-05', '1.1406.1', '0402.29.20', 127.72, 0.1559, NULL, NULL),
    ('4208302', 'if', 41, 2020, '2020-03-10', NULL, NULL, NULL, NULL, NULL, 1.2502, 0.024),
    ('3106200', 'if', 3844, 2015, '2026-09-01', '2027-03-25', '1.2503.20.00', '5206.42.00', NULL, NULL, 1.958, 0.0471),
    ('33', 'multa', 3200, 2016, '2018-07-10', NULL, '1.1403.22.90', '3004.20.1', 17.82, 0.0534, NULL, NULL),
    ('3548906', 'if', 1543, 2024, '2016-05-28', NULL, '1.0106.19.00', NULL, NULL, NULL, 3.6118, 0.0149),
    ('24', 'multa', 4415, 2021, '2018-01-30', NULL, '1.2407.00.00', '2933.39.32', 243.43, 0.0543, NULL, NULL),
    ('28', 'if', 1595, 2023, '2016-03-13', NULL, NULL, NULL, NULL, NULL, 168.6938, 0.0126),
    ('51', 'if', 2313, 2020, '2018-02-23', NULL, '1.0501.2', '2933.59.2', NULL, NULL, 3.6426, 0.0364),
    ('3106200', 'multa', 1872, 2025, '2021-06-20', NULL, '1.1805.62.00', NULL, 341.98, 0.1537, NULL, NULL),
    ('3306305', 'if', 4865, 2016, '2020-11-06', '2021-12-09', NULL, NULL, NULL, NULL, 17.5129, 0.0765),
    ('4205407', 'if', 3212, 2018, '2022-07-04', NULL, NULL, NULL, NULL, NULL, 14.7901, 0.0387),
    ('3205309', 'multa', 4845, 2019, '2025-06-09', '2029-08-02', NULL, '2905.11.00', 5941.93, 0.1417, NULL, NULL),
    ('4205407', 'if', 1773, 2024, '2019-04-06', '2022-05-20', NULL, '2606.00.12', NULL, NULL, 14.0868, 0.0364),
    ('24', 'if', 4343, 2019, '2024-03-26', NULL, NULL, NULL, NULL, NULL, 3.7727, 0.0188),
    ('3550308', 'if', 4347, 2018, '2016-05-23', NULL, NULL, '8515.19.00', NULL, NULL, 0.8241, 0.0616),
    ('4106902', 'if', 851, 2022, '2018-10-27', NULL, NULL, '8443.32.22', NULL, NULL, 3.0326, 0.0792),
    ('43', 'multa', 2770, 2023, '2015-03-18', NULL, NULL, '2924.29.43', 502.07, 0.166, NULL, NULL),
    ('3501905', 'if', 2960, 2019, '2025-02-20', NULL, '1.0102.90.00', '7215.90.10', NULL, NULL, 1.23, 0.0264),
    ('24', 'if', 2324, 2016, '2015-10-30', NULL, '1.1507.90.00', NULL, NULL, NULL, 0.799, 0.0596),
    ('26', 'multa', 824, 2016, '2021-10-20', NULL, '1.1106.36.10', '8452.21.10', 500.25, 0.0908, NULL, NULL),
    ('51', 'multa', 2541, 2019, '2018-03-29', NULL, NULL, NULL, 69.67, 0.2072, NULL, NULL),
    ('5300108', 'if', 1488, 2023, '2025-07-30', NULL, NULL, '7017.20.00', NULL, NULL, 2.7503, 0.033),
    ('35', 'multa', 3401, 2020, '2023-12-19', NULL, '1.0102.90.00', NULL, 130.33, 0.2048, NULL, NULL),
    ('4314902', 'if', 2198, 2018, '2016-06-01', NULL, NULL, NULL, NULL, NULL, 1.0423, 0.0658),
    ('4314902', 'multa', 3613, 2021, '2015-06-08', NULL, '1.1406.20.00', '2924.29.15', 454.13, 0.2168, NULL, NULL),
    ('3304557', 'multa', 2709, 2025, '2015-11-14', NULL, NULL, '7304.29.10', 82.63, 0.2115, NULL, NULL),
    ('3550308', 'multa', 4775, 2018, '2018-12-21', NULL, '1.1801', '2933.91.53', 6651.89, 0.1872, NULL, NULL),
    ('31', 'multa', 976, 2024, '2020-11-28', NULL, NULL, NULL, 120.38, 0.0451, NULL, NULL),
    ('4308250', 'multa', 236, 2022, '2016-03-03', NULL, NULL, NULL, 199.39, 0.2421, NULL, NULL),
    ('24', 'multa', 3159, 2021, '2021-11-06', NULL, '1.0502.11.10', '8501.52.90', 123.78, 0.1784, NULL, NULL),
    ('3205309', 'if', 4432, 2020, '2016-11-12', NULL, NULL, NULL, NULL, NULL, 2.7042, 0.0308),
    ('31', 'if', 395, 2017, '2024-11-04', NULL, NULL, NULL, NULL, NULL, 2.3351, 0.0115),
    ('13', 'multa', 3761, 2015, '2021-01-22', NULL, NULL, '4823.69.00', 301.87, 0.0889, NULL, NULL),
    ('3146206', 'multa', 4507, 2017, '2017-01-27', NULL, '1.0104.00.00', '8448.19.00', 190.39, 0.0397, NULL, NULL),
    ('4208302', 'if', 2908, 2018, '2021-05-24', NULL, NULL, NULL, NULL, NULL, 2.3619, 0.0725),
    ('2919306', 'multa', 2862, 2021, '2023-05-28', NULL, '1.1806.59.00', NULL, 117.04, 0.0318, NULL, NULL),
    ('3146107', 'multa', 4980, 2020, '2021-08-03', NULL, '1.0106.22.00', NULL, 43.82, 0.1769, NULL, NULL),
    ('4314902', 'if', 2057, 2023, '2019-02-17', NULL, '1.0503.25.00', '3823.19.90', NULL, NULL, 62.0561, 0.034),
    ('4308250', 'if', 1214, 2020, '2015-12-14', NULL, '1.0903.34.00', '6902.10.18', NULL, NULL, 1.0005, 0.077),
    ('3548906', 'if', 565, 2019, '2020-07-25', NULL, NULL, '4418.89.00', NULL, NULL, 1.838, 0.051),
    ('53', 'multa', 2990, 2024, '2020-03-01', NULL, '1.0106.2', NULL, 162.43, 0.1251, NULL, NULL),
    ('3505906', 'if', 4865, 2019, '2015-01-09', '2017-09-30', '1.0105.90.00', NULL, NULL, NULL, 1.4821, 0.0257),
    ('43', 'if', 1690, 2015, '2019-06-28', NULL, '1.1806.20.00', '2912.12.00', NULL, NULL, 2.7312, 0.0543),
    ('42', 'multa', 2376, 2025, '2018-08-22', NULL, NULL, NULL, 71.22, 0.029, NULL, NULL),
    ('51', 'multa', 2075, 2021, '2022-04-15', '2027-05-25', NULL, '8408.10.90', 117.02, 0.0207, NULL, NULL),
    ('53', 'multa', 2662, 2023, '2015-10-07', NULL, '1.2204.10.00', NULL, 21.15, 0.198, NULL, NULL),
    ('1302603', 'if', 1241, 2026, '2025-07-25', NULL, '1.1803', '2936.29.19', NULL, NULL, 2.126, 0.0618),
    ('26', 'multa', 1878, 2023, '2023-11-27', NULL, '1.1402.14.00', NULL, 74.55, 0.1816, NULL, NULL),
    ('21', 'multa', 4057, 2026, '2026-03-22', NULL, NULL, '2934.30.20', 229.47, 0.0833, NULL, NULL),
    ('3501905', 'if', 1423, 2025, '2024-04-28', NULL, NULL, NULL, NULL, NULL, 1.5422, 0.008),
    ('41', 'multa', 4471, 2015, '2020-02-09', NULL, '1.0403.19.00', '3004.49.90', 366.73, 0.1201, NULL, NULL),
    ('2919306', 'if', 967, 2023, '2017-05-23', NULL, NULL, '2924.29.32', NULL, NULL, 1.201, 0.0731),
    ('5300108', 'multa', 2567, 2019, '2018-09-10', NULL, NULL, NULL, 70.44, 0.0878, NULL, NULL),
    ('13', 'multa', 4655, 2019, '2021-12-11', NULL, '1.1401.14.00', '8549.11.00', 220.67, 0.197, NULL, NULL),
    ('3106200', 'if', 245, 2022, '2016-10-08', NULL, NULL, '4704.21.00', NULL, NULL, 1.4969, 0.0756),
    ('35', 'multa', 2316, 2017, '2017-07-06', NULL, '1.1105.70.00', '4410.19.19', 4275.06, 0.1204, NULL, NULL),
    ('35', 'multa', 950, 2016, '2021-07-23', NULL, NULL, NULL, 80.8, 0.2342, NULL, NULL),
    ('3304557', 'if', 537, 2024, '2018-02-03', NULL, NULL, NULL, NULL, NULL, 3.2352, 0.064),
    ('29', 'multa', 926, 2017, '2020-02-10', NULL, '1.1201.33.00', NULL, 2334.65, 0.2344, NULL, NULL),
    ('13', 'multa', 3511, 2025, '2026-03-19', NULL, NULL, NULL, 535.04, 0.1208, NULL, NULL),
    ('33', 'multa', 679, 2019, '2023-04-27', '2028-07-03', NULL, NULL, 113.42, 0.1398, NULL, NULL),
    ('51', 'multa', 1356, 2020, '2019-04-04', NULL, NULL, NULL, 319.66, 0.2033, NULL, NULL),
    ('13', 'if', 1789, 2016, '2018-04-10', NULL, NULL, NULL, NULL, NULL, 99.2239, 0.009),
    ('29', 'if', 3400, 2017, '2015-01-14', NULL, '1.1201.31.00', '0306.19.90', NULL, NULL, 5.413, 0.0597),
    ('35', 'if', 2630, 2022, '2025-08-31', NULL, NULL, '3824.99.35', NULL, NULL, 7.3341, 0.0507),
    ('51', 'multa', 4123, 2017, '2018-10-20', NULL, NULL, '3906.90.19', 161.92, 0.1039, NULL, NULL),
    ('35', 'multa', 4866, 2025, '2015-09-20', '2020-01-28', '1.0102.3', '6111.30.00', 371.78, 0.1989, NULL, NULL),
    ('43', 'multa', 2991, 2018, '2017-11-07', '2023-06-14', NULL, NULL, 402.06, 0.0941, NULL, NULL),
    ('1302603', 'multa', 442, 2026, '2024-02-22', NULL, '1.0501.21', '2931.41.00', 212.23, 0.0732, NULL, NULL),
    ('35', 'multa', 3826, 2024, '2023-08-21', NULL, NULL, '5906.99.00', 133.52, 0.2053, NULL, NULL),
    ('3106200', 'multa', 1021, 2019, '2018-03-17', NULL, '1.0901.90.00', NULL, 280.65, 0.2138, NULL, NULL),
    ('3550308', 'multa', 656, 2016, '2021-09-03', NULL, '1.2501.32.00', NULL, 101.42, 0.1284, NULL, NULL),
    ('33', 'multa', 2466, 2025, '2019-07-09', NULL, '1.2204.30.00', '3824.99.6', 145.18, 0.2384, NULL, NULL),
    ('5300108', 'multa', 705, 2023, '2015-10-10', '2018-12-05', '1.0107.50.00', NULL, 285.3, 0.234, NULL, NULL),
    ('13', 'if', 3458, 2015, '2021-12-07', NULL, NULL, NULL, NULL, NULL, 2.4372, 0.0504),
    ('2927408', 'if', 4196, 2022, '2018-05-27', NULL, NULL, NULL, NULL, NULL, 4.4957, 0.0231),
    ('3550308', 'if', 374, 2018, '2020-11-12', NULL, '1.0401.15.20', '6804.22.11', NULL, NULL, 4.6634, 0.0164),
    ('35', 'if', 122, 2015, '2019-03-02', NULL, NULL, NULL, NULL, NULL, 9.1522, 0.0334),
    ('3205309', 'multa', 3077, 2023, '2019-06-15', NULL, '1.2203.20.00', '8428.90.10', 154.41, 0.2336, NULL, NULL),
    ('3550308', 'multa', 3718, 2015, '2017-05-07', NULL, NULL, NULL, 125.1, 0.0867, NULL, NULL),
    ('41', 'multa', 1493, 2015, '2023-09-20', NULL, '1.0906.1', '9032.89.25', 92.93, 0.0107, NULL, NULL),
    ('53', 'multa', 153, 2026, '2026-06-14', NULL, NULL, NULL, 326.58, 0.0173, NULL, NULL),
    ('53', 'multa', 4508, 2023, '2017-06-24', NULL, '1.0502.33.10', '8432.80.00', 132.33, 0.2098, NULL, NULL),
    ('31', 'if', 4059, 2016, '2021-08-16', '2022-01-14', '1.2001.31.20', '3816.00.12', NULL, NULL, 2.532, 0.0375),
    ('3146107', 'if', 4747, 2018, '2024-12-25', NULL, NULL, NULL, NULL, NULL, 14.7703, 0.026),
    ('3146107', 'multa', 4422, 2016, '2020-05-21', '2021-06-24', NULL, '2009.89.21', 62.94, 0.2229, NULL, NULL),
    ('13', 'if', 149, 2026, '2019-12-11', NULL, NULL, NULL, NULL, NULL, 1.5021, 0.0018),
    ('4205407', 'if', 2152, 2022, '2023-04-09', NULL, '1.1303.10.00', NULL, NULL, NULL, 7.1985, 0.0747),
    ('3146206', 'multa', 1184, 2022, '2019-09-19', '2024-04-23', NULL, '3402.39.90', 1153.67, 0.1537, NULL, NULL),
    ('3106200', 'multa', 636, 2025, '2021-05-19', NULL, '1.0501.13', '2208.20.00', 142.43, 0.0895, NULL, NULL),
    ('5300108', 'if', 2374, 2024, '2020-06-14', '2022-02-16', NULL, NULL, NULL, NULL, 6.079, 0.0276),
    ('13', 'if', 735, 2016, '2017-09-22', NULL, '1.0901.40.00', '8504.23.00', NULL, NULL, 4.9633, 0.0397),
    ('33', 'multa', 959, 2015, '2024-03-13', NULL, '1.2203', NULL, 197.16, 0.1606, NULL, NULL),
    ('24', 'if', 1417, 2020, '2019-09-08', NULL, '1.1502.50.00', NULL, NULL, NULL, 2.3695, 0.069),
    ('5300108', 'multa', 4255, 2026, '2020-02-19', '2020-05-11', NULL, NULL, 92.36, 0.0665, NULL, NULL),
    ('24', 'multa', 33, 2021, '2019-02-04', NULL, NULL, '8106.10.00', 453.1, 0.0979, NULL, NULL),
    ('51', 'multa', 4224, 2022, '2025-11-08', NULL, NULL, NULL, 114.71, 0.1151, NULL, NULL),
    ('43', 'multa', 4458, 2023, '2022-04-02', NULL, NULL, '5516.24.00', 256.05, 0.119, NULL, NULL),
    ('4208302', 'multa', 3918, 2019, '2018-03-18', NULL, '1.2402', '2921.19.3', 61.26, 0.1569, NULL, NULL),
    ('35', 'if', 245, 2024, '2023-06-30', NULL, NULL, '5510.12.11', NULL, NULL, 1.4697, 0.0351),
    ('4208302', 'multa', 725, 2015, '2026-05-31', NULL, '1.1806.62.00', '4301.80.00', 118.25, 0.1252, NULL, NULL),
    ('26', 'if', 560, 2020, '2026-12-30', NULL, '1.0502.3', '7502.10.10', NULL, NULL, 2.8682, 0.0553),
    ('32', 'multa', 3326, 2020, '2024-08-02', NULL, '1.0604.2', '8529.90.90', 70.94, 0.2325, NULL, NULL),
    ('51', 'if', 2549, 2018, '2021-08-14', NULL, '1.0501.12.20', '8702.20.00', NULL, NULL, 1.5957, 0.0255),
    ('13', 'multa', 1962, 2024, '2015-04-08', '2021-10-02', NULL, NULL, 245.98, 0.113, NULL, NULL),
    ('3146107', 'multa', 451, 2021, '2026-06-08', NULL, NULL, '4706.93.00', 60.8, 0.0807, NULL, NULL),
    ('28', 'multa', 4045, 2015, '2026-06-12', NULL, '1.0405.00.00', '2933.59.32', 200.35, 0.2238, NULL, NULL),
    ('3306305', 'if', 3623, 2023, '2016-02-24', NULL, '1.2001.34.20', NULL, NULL, NULL, 40.8965, 0.0605),
    ('42', 'if', 3986, 2017, '2019-08-30', NULL, '1.2601.90.00', '2922.15.00', NULL, NULL, 33.641, 0.0256),
    ('4106902', 'if', 279, 2025, '2016-12-20', NULL, NULL, NULL, NULL, NULL, 2.1005, 0.0628),
    ('3548906', 'multa', 1682, 2022, '2021-03-19', '2021-06-23', '1.0502.23.10', '8413.30.90', 221.11, 0.1096, NULL, NULL),
    ('35', 'if', 1070, 2018, '2020-12-01', NULL, '1.0601.10.00', '8471.90.1', NULL, NULL, 5.6566, 0.0152),
    ('3306305', 'multa', 2887, 2026, '2017-12-31', NULL, NULL, NULL, 91.26, 0.1556, NULL, NULL),
    ('53', 'multa', 1951, 2024, '2019-05-09', NULL, '1.0402.23.00', NULL, 119.67, 0.1661, NULL, NULL),
    ('31', 'if', 4367, 2020, '2025-12-07', NULL, '1.1201', NULL, NULL, NULL, 19.6988, 0.0737),
    ('2919306', 'if', 3720, 2017, '2018-08-09', NULL, NULL, NULL, NULL, NULL, 2.3849, 0.065),
    ('29', 'if', 4297, 2025, '2020-12-04', NULL, '1.2507', NULL, NULL, NULL, 124.8826, 0.022),
    ('33', 'if', 4722, 2022, '2016-06-02', NULL, '1.0402.11.10', NULL, NULL, NULL, 26.7684, 0.0559),
    ('4205407', 'multa', 1041, 2023, '2020-07-11', NULL, NULL, '2903.48.00', 160.25, 0.0628, NULL, NULL),
    ('42', 'if', 4102, 2025, '2018-04-04', NULL, '1.1402.11.00', NULL, NULL, NULL, 2.4546, 0.0257),
    ('26', 'if', 3880, 2020, '2017-10-09', NULL, '1.1201.40.00', '6108.19.00', NULL, NULL, 5.499, 0.0181),
    ('1302603', 'multa', 4775, 2023, '2024-10-10', NULL, NULL, NULL, 163.64, 0.1741, NULL, NULL),
    ('3550308', 'if', 4712, 2023, '2018-02-04', NULL, NULL, NULL, NULL, NULL, 5.6829, 0.0426),
    ('42', 'multa', 904, 2021, '2019-06-30', NULL, '1.1408.1', '7501.20.00', 163.02, 0.1889, NULL, NULL),
    ('29', 'if', 4173, 2025, '2023-11-15', NULL, NULL, '6216.00.00', NULL, NULL, 6.6087, 0.077),
    ('4106902', 'multa', 3571, 2016, '2016-12-27', NULL, '1.2001.33.00', '0304.69.00', 53.89, 0.0797, NULL, NULL),
    ('42', 'multa', 2161, 2023, '2017-02-20', NULL, NULL, '6306.40.10', 2368.93, 0.0269, NULL, NULL),
    ('31', 'multa', 3870, 2025, '2018-02-12', NULL, '1.0502.12', NULL, 99.3, 0.0779, NULL, NULL),
    ('4106902', 'if', 1265, 2022, '2017-01-01', NULL, '1.0103.41.00', NULL, NULL, NULL, 1.8578, 0.0551),
    ('51', 'multa', 4876, 2026, '2021-01-06', NULL, '1.1903.20.00', '6104.43.00', 216.47, 0.2235, NULL, NULL),
    ('3146206', 'if', 4939, 2021, '2018-01-28', '2019-06-17', '1.0502.13.10', '8528.71.90', NULL, NULL, 2.0238, 0.0561),
    ('2927408', 'if', 2110, 2015, '2019-02-18', '2022-02-23', NULL, '2207.20.19', NULL, NULL, 4.774, 0.0253),
    ('31', 'multa', 3344, 2016, '2018-02-19', NULL, '1.2504.22.00', '3305.90.00', 119.33, 0.205, NULL, NULL),
    ('4208302', 'if', 1238, 2019, '2022-03-09', NULL, '1.1404.30.00', '3204.90.00', NULL, NULL, 4.3302, 0.0446),
    ('41', 'if', 365, 2026, '2025-01-08', NULL, NULL, '8457.30.10', NULL, NULL, 5.2835, 0.0401),
    ('3501905', 'if', 4729, 2015, '2023-08-11', NULL, NULL, '3808.92.95', NULL, NULL, 2.3365, 0.0753),
    ('3205309', 'if', 1823, 2017, '2017-12-14', NULL, NULL, '8411.11.00', NULL, NULL, 4.3418, 0.0302),
    ('3146107', 'multa', 4826, 2022, '2025-08-22', NULL, '1.1403.22.11', NULL, 480.18, 0.098, NULL, NULL),
    ('3146107', 'if', 1789, 2022, '2024-07-18', NULL, NULL, NULL, NULL, NULL, 3.8724, 0.0545),
    ('3550308', 'multa', 4027, 2015, '2019-05-28', NULL, '1.2302.2', '7304.29.31', 137.94, 0.1201, NULL, NULL),
    ('3205309', 'if', 3933, 2025, '2024-09-11', NULL, '1.0504.45.20', NULL, NULL, NULL, 6.8362, 0.0335),
    ('26', 'if', 1871, 2019, '2025-03-07', NULL, NULL, NULL, NULL, NULL, 4.8024, 0.0025),
    ('3205309', 'multa', 4479, 2019, '2024-03-05', NULL, '1.1201.3', '2309.90.60', 54.86, 0.1215, NULL, NULL),
    ('51', 'if', 1478, 2015, '2025-12-27', NULL, '1.2304.11.00', '8539.31.31', NULL, NULL, 8.3992, 0.079),
    ('21', 'multa', 4101, 2018, '2021-12-17', NULL, '1.1301', NULL, 318.97, 0.1342, NULL, NULL),
    ('4314902', 'if', 346, 2025, '2022-09-20', '2023-01-22', NULL, NULL, NULL, NULL, 1.736, 0.0043),
    ('3550308', 'multa', 3560, 2024, '2021-10-17', NULL, '1.2301.96.00', NULL, 188.78, 0.0518, NULL, NULL),
    ('3304557', 'multa', 2924, 2018, '2021-10-10', NULL, NULL, '8450.11.00', 250.87, 0.0457, NULL, NULL),
    ('4205407', 'if', 94, 2021, '2026-07-20', NULL, '1.0303.20.00', '6813.81.90', NULL, NULL, 4.0844, 0.0187),
    ('24', 'if', 3372, 2022, '2026-04-07', NULL, NULL, NULL, NULL, NULL, 1.5486, 0.049),
    ('3146206', 'if', 1929, 2019, '2022-08-29', NULL, '1.1505.00.00', '3005.90.20', NULL, NULL, 3.4285, 0.0694),
    ('3501905', 'multa', 676, 2017, '2019-04-13', NULL, '1.0502.12.20', NULL, 327.46, 0.2068, NULL, NULL),
    ('3304557', 'if', 849, 2016, '2020-01-29', NULL, NULL, '2204.30.00', NULL, NULL, 27.4806, 0.0767),
    ('4314902', 'if', 2194, 2015, '2026-02-23', NULL, '1.1103.90.00', NULL, NULL, NULL, 5.3111, 0.0649),
    ('41', 'if', 869, 2016, '2019-01-31', NULL, NULL, '0702.00.00', NULL, NULL, 2.179, 0.0479),
    ('3106200', 'if', 3093, 2021, '2018-09-18', NULL, '1.0501.23.20', '2903.71.00', NULL, NULL, 100.5743, 0.0523),
    ('4205407', 'multa', 466, 2017, '2023-07-09', NULL, '1.0904.34.00', NULL, 230.99, 0.1929, NULL, NULL),
    ('35', 'if', 1998, 2017, '2015-01-04', NULL, '1.1403.21.10', '5510.12.12', NULL, NULL, 4.6794, 0.0482),
    ('3304557', 'multa', 514, 2019, '2016-05-20', NULL, '1.0901.52.10', NULL, 86.36, 0.1381, NULL, NULL),
    ('3146206', 'multa', 1836, 2017, '2025-12-19', NULL, '1.1101.60.00', NULL, 9418.06, 0.1654, NULL, NULL),
    ('43', 'if', 215, 2020, '2024-11-05', NULL, '1.0304.20.00', '3002.49.99', NULL, NULL, 4.3051, 0.0386),
    ('21', 'if', 2033, 2020, '2025-07-17', NULL, NULL, NULL, NULL, NULL, 3.4857, 0.015),
    ('32', 'if', 2589, 2024, '2019-11-13', NULL, '1.0905.13.00', NULL, NULL, NULL, 2.9548, 0.0138),
    ('41', 'if', 767, 2026, '2015-02-08', '2019-12-09', NULL, '8448.20.10', NULL, NULL, 490.2306, 0.0431),
    ('4314902', 'multa', 1252, 2019, '2015-08-13', NULL, '1.1805.31.00', NULL, 277.76, 0.1563, NULL, NULL),
    ('43', 'multa', 1636, 2026, '2016-11-18', NULL, '1.2405.14.00', '2103.30.10', 9822.37, 0.0829, NULL, NULL),
    ('3106200', 'multa', 4401, 2020, '2016-05-24', NULL, '1.0105.30.00', NULL, 183.74, 0.2121, NULL, NULL),
    ('32', 'if', 1433, 2021, '2019-06-29', NULL, '1.2001.34.30', NULL, NULL, NULL, 4.827, 0.0377),
    ('3205309', 'multa', 3743, 2025, '2019-02-09', NULL, '1.2504.11.00', NULL, 149.05, 0.0139, NULL, NULL),
    ('28', 'if', 4520, 2017, '2023-08-25', NULL, NULL, NULL, NULL, NULL, 2.8402, 0.0591),
    ('13', 'if', 3679, 2024, '2022-09-16', '2028-04-19', NULL, '4404.10.00', NULL, NULL, 1.1436, 0.0133),
    ('3106200', 'multa', 1981, 2022, '2025-07-13', NULL, NULL, NULL, 151.52, 0.2349, NULL, NULL),
    ('26', 'if', 2452, 2021, '2022-02-21', NULL, '1.0605.90.00', '7208.38.10', NULL, NULL, 2.3854, 0.0659),
    ('1302603', 'if', 4462, 2023, '2020-03-30', '2021-04-09', NULL, NULL, NULL, NULL, 2.5124, 0.0454),
    ('29', 'multa', 793, 2020, '2015-11-15', NULL, NULL, '7019.69.00', 263.27, 0.1864, NULL, NULL),
    ('2927408', 'if', 1541, 2024, '2024-07-14', NULL, '1.1106.35.00', '2824.90.10', NULL, NULL, 3.0075, 0.0478),
    ('3505906', 'multa', 4217, 2022, '2016-09-13', NULL, '1.0903.36.00', NULL, 171.27, 0.0387, NULL, NULL),
    ('1302603', 'if', 284, 2015, '2019-03-01', NULL, NULL, NULL, NULL, NULL, 6.6362, 0.0043),
    ('4205407', 'multa', 749, 2018, '2017-10-02', NULL, NULL, '8540.71.00', 250.75, 0.2328, NULL, NULL),
    ('43', 'if', 480, 2024, '2024-03-01', NULL, '1.2201.1', '4004.00.00', NULL, NULL, 1.3828, 0.0085),
    ('26', 'multa', 4897, 2017, '2025-02-22', NULL, '1.2403.22.00', NULL, 453.4, 0.1535, NULL, NULL),
    ('3306305', 'if', 868, 2020, '2015-02-06', NULL, NULL, NULL, NULL, NULL, 7.1241, 0.0633),
    ('4208302', 'if', 3473, 2019, '2015-06-22', '2017-09-21', '1.1404.2', NULL, NULL, NULL, 1.6222, 0.0475),
    ('35', 'multa', 4758, 2021, '2015-05-31', NULL, '1.0102.80.00', '5407.41.00', 120.42, 0.1369, NULL, NULL),
    ('21', 'multa', 2902, 2024, '2015-11-13', NULL, NULL, '7605.11.10', 184.27, 0.1463, NULL, NULL),
    ('3550308', 'if', 2790, 2018, '2020-01-23', NULL, NULL, NULL, NULL, NULL, 2.6677, 0.073),
    ('21', 'multa', 3155, 2016, '2020-03-15', NULL, NULL, '8506.10.20', 120.21, 0.0705, NULL, NULL),
    ('5300108', 'if', 4392, 2024, '2018-12-26', NULL, NULL, NULL, NULL, NULL, 5.0083, 0.0472),
    ('43', 'multa', 1076, 2021, '2026-10-22', NULL, '1.2502.10.00', NULL, 49.14, 0.1425, NULL, NULL),
    ('26', 'multa', 3087, 2017, '2017-10-25', NULL, NULL, '3507.90.4', 222.03, 0.1479, NULL, NULL),
    ('3548906', 'multa', 3623, 2021, '2022-09-01', NULL, '1.1506', '9018.14.10', 198.74, 0.0296, NULL, NULL),
    ('1302603', 'if', 2901, 2016, '2019-10-14', NULL, '1.1404.13.00', '5514.12.00', NULL, NULL, 138.1439, 0.0744),
    ('32', 'multa', 828, 2020, '2021-04-19', NULL, NULL, NULL, 139.36, 0.1677, NULL, NULL),
    ('3501905', 'multa', 1284, 2020, '2023-10-13', NULL, NULL, '8504.32.21', 122.49, 0.11, NULL, NULL),
    ('2919306', 'if', 925, 2015, '2016-08-19', '2019-04-24', NULL, NULL, NULL, NULL, 5.7996, 0.0403),
    ('4314902', 'if', 3917, 2016, '2018-02-19', NULL, NULL, NULL, NULL, NULL, 1.4347, 0.0586),
    ('32', 'if', 306, 2023, '2021-07-06', NULL, NULL, NULL, NULL, NULL, 29.8955, 0.0514),
    ('4308250', 'if', 4615, 2023, '2025-07-31', NULL, NULL, '2701.12.00', NULL, NULL, 8.3685, 0.0228),
    ('2919306', 'multa', 3885, 2021, '2015-05-16', NULL, '1.1803.21.00', '8431.10.90', 192.64, 0.2152, NULL, NULL),
    ('3505906', 'if', 4707, 2018, '2024-02-28', NULL, NULL, '8708.94.1', NULL, NULL, 3.3499, 0.0012),
    ('3550308', 'if', 2501, 2015, '2024-12-09', NULL, NULL, '8421.29.1', NULL, NULL, 2.1967, 0.0559),
    ('4208302', 'multa', 906, 2020, '2018-07-22', NULL, NULL, NULL, 146.39, 0.1418, NULL, NULL),
    ('4205407', 'multa', 1566, 2022, '2018-02-07', NULL, NULL, '3702.44.21', 192.4, 0.0126, NULL, NULL),
    ('3550308', 'if', 1038, 2024, '2022-02-11', NULL, NULL, '2903.94.00', NULL, NULL, 1.9636, 0.0229),
    ('24', 'multa', 4280, 2020, '2018-03-13', NULL, '1.0105', '2905.39.10', 185.11, 0.2014, NULL, NULL),
    ('32', 'if', 2246, 2023, '2017-10-17', NULL, NULL, NULL, NULL, NULL, 109.2529, 0.066),
    ('3304557', 'multa', 3062, 2025, '2018-12-06', NULL, '1.0301.90.00', '8424.30.30', 152.97, 0.1356, NULL, NULL),
    ('3501905', 'if', 998, 2026, '2015-12-13', NULL, '1.0605.20.00', NULL, NULL, NULL, 3.427, 0.0567),
    ('3505906', 'multa', 3537, 2015, '2018-09-05', NULL, '1.0105.21.00', '6004.10.94', 145.9, 0.0174, NULL, NULL),
    ('3205309', 'if', 2543, 2018, '2017-12-28', NULL, NULL, '3504.00.19', NULL, NULL, 11.1774, 0.0071),
    ('31', 'if', 4647, 2023, '2016-08-22', NULL, NULL, NULL, NULL, NULL, 9.5644, 0.0585),
    ('31', 'if', 2102, 2017, '2015-11-04', NULL, '1.0402.39.00', NULL, NULL, NULL, 2.355, 0.0018),
    ('4106902', 'if', 1184, 2026, '2020-01-03', NULL, NULL, NULL, NULL, NULL, 3.2273, 0.0769),
    ('51', 'if', 1668, 2022, '2025-12-11', NULL, NULL, '2921.19.14', NULL, NULL, 3.9928, 0.0261),
    ('3548906', 'if', 3836, 2024, '2022-04-17', NULL, NULL, NULL, NULL, NULL, 7.7892, 0.0587),
    ('41', 'multa', 2074, 2017, '2023-04-30', NULL, NULL, '8703.23.90', 101.42, 0.2348, NULL, NULL),
    ('35', 'multa', 2742, 2019, '2021-01-26', NULL, NULL, NULL, 211.67, 0.2456, NULL, NULL),
    ('3548906', 'if', 4502, 2025, '2017-05-26', NULL, '1.2304.1', NULL, NULL, NULL, 10.7666, 0.0664),
    ('43', 'if', 4871, 2025, '2018-11-20', NULL, '1.1201.34.00', NULL, NULL, NULL, 0.8245, 0.0376),
    ('3548906', 'if', 4359, 2023, '2018-05-18', NULL, NULL, NULL, NULL, NULL, 3.9712, 0.0559),
    ('5300108', 'multa', 4224, 2025, '2015-07-25', NULL, NULL, '8482.99.90', 85.38, 0.2229, NULL, NULL),
    ('5300108', 'multa', 1536, 2024, '2021-07-13', NULL, NULL, '2903.77.36', 247.43, 0.1289, NULL, NULL),
    ('3205309', 'if', 4218, 2017, '2016-01-23', '2020-11-10', '1.1703.2', '0207.14.12', NULL, NULL, 1.9829, 0.0692),
    ('3146107', 'if', 451, 2026, '2021-12-21', '2024-09-17', '1.1405.60.00', NULL, NULL, NULL, 3.176, 0.0255),
    ('3505906', 'multa', 4662, 2025, '2026-02-14', NULL, NULL, NULL, 75.04, 0.1123, NULL, NULL),
    ('31', 'multa', 2268, 2015, '2020-02-25', NULL, '1.0504.21.00', '7307.19.90', 147.1, 0.0463, NULL, NULL),
    ('33', 'multa', 3560, 2017, '2022-11-27', NULL, NULL, '6815.20.00', 120.89, 0.0152, NULL, NULL),
    ('32', 'multa', 1969, 2024, '2016-02-10', '2016-12-18', NULL, '3824.99.71', 110.16, 0.2105, NULL, NULL),
    ('35', 'if', 976, 2017, '2015-08-18', NULL, '1.1401.12.00', NULL, NULL, NULL, 4.9735, 0.0408),
    ('28', 'multa', 2165, 2023, '2015-11-28', '2022-06-14', NULL, '2702.20.00', 393.37, 0.0372, NULL, NULL),
    ('32', 'if', 1124, 2018, '2020-11-18', NULL, '1.0502.24.51', NULL, NULL, NULL, 0.7518, 0.0132),
    ('4106902', 'if', 1304, 2024, '2026-04-26', NULL, '1.0205.00.00', '8515.21.00', NULL, NULL, 2.5478, 0.0442),
    ('3146107', 'if', 4161, 2022, '2022-05-15', '2025-11-22', '1.0402.3', '2825.10.20', NULL, NULL, 2.6215, 0.0466),
    ('13', 'multa', 1176, 2015, '2020-04-06', NULL, '1.0906.90.00', NULL, 47.42, 0.1153, NULL, NULL),
    ('3501905', 'multa', 1324, 2023, '2022-09-25', NULL, NULL, NULL, 301.84, 0.1384, NULL, NULL),
    ('2919306', 'multa', 2213, 2017, '2025-12-10', NULL, NULL, '9032.89.2', 114.57, 0.1928, NULL, NULL),
    ('28', 'multa', 3089, 2016, '2022-07-08', NULL, NULL, NULL, 306.09, 0.0555, NULL, NULL),
    ('4208302', 'multa', 4489, 2017, '2015-01-10', NULL, NULL, NULL, 243.38, 0.1673, NULL, NULL),
    ('4208302', 'multa', 3013, 2018, '2020-08-16', NULL, NULL, NULL, 245.9, 0.0235, NULL, NULL),
    ('3146107', 'if', 2115, 2018, '2026-09-01', NULL, NULL, NULL, NULL, NULL, 5.657, 0.0276),
    ('3550308', 'multa', 4685, 2025, '2022-04-15', NULL, '1.1401.39.00', '6005.90.10', 221.73, 0.1097, NULL, NULL),
    ('2919306', 'multa', 3052, 2017, '2016-05-18', NULL, NULL, NULL, 143.72, 0.1533, NULL, NULL),
    ('3106200', 'multa', 1914, 2016, '2019-07-02', NULL, '1.1403.26.00', '4820.30.00', 191.59, 0.0137, NULL, NULL),
    ('5300108', 'if', 1656, 2018, '2020-07-08', NULL, '1.1402.22.00', '8457.30.10', NULL, NULL, 8.5569, 0.0332),
    ('4106902', 'multa', 1043, 2017, '2026-08-01', NULL, '1.0602.31.00', NULL, 114.03, 0.1626, NULL, NULL),
    ('33', 'if', 2042, 2021, '2026-07-04', NULL, NULL, NULL, NULL, NULL, 4.0753, 0.07),
    ('2927408', 'multa', 990, 2020, '2021-07-29', NULL, '1.0105.2', '2940.00.21', 253.46, 0.0828, NULL, NULL),
    ('4208302', 'multa', 3298, 2021, '2018-10-30', NULL, NULL, '4911.91.00', 264.14, 0.1631, NULL, NULL),
    ('3505906', 'if', 4198, 2025, '2017-10-09', NULL, '1.0904.2', '3808.99.19', NULL, NULL, 3.0086, 0.066),
    ('13', 'multa', 3883, 2022, '2022-11-25', NULL, '1.1108.20.00', '2925.29.90', 389.69, 0.0712, NULL, NULL),
    ('3106200', 'if', 4746, 2015, '2022-04-19', NULL, NULL, '2931.90.69', NULL, NULL, 4.378, 0.019),
    ('31', 'multa', 2268, 2022, '2020-12-26', NULL, NULL, NULL, 133.89, 0.1903, NULL, NULL),
    ('2919306', 'multa', 1990, 2024, '2020-02-26', NULL, NULL, NULL, 169.47, 0.1407, NULL, NULL),
    ('3505906', 'if', 3749, 2015, '2018-05-03', NULL, NULL, '3002.42.40', NULL, NULL, 2.8052, 0.0654),
    ('51', 'if', 209, 2026, '2017-09-05', NULL, '1.1903.20.00', '2903.99.3', NULL, NULL, 1.5877, 0.075),
    ('32', 'if', 1643, 2016, '2022-06-27', NULL, NULL, '1404.90.10', NULL, NULL, 0.7272, 0.0679),
    ('3304557', 'if', 2556, 2020, '2026-11-20', NULL, '1.1401.39.00', NULL, NULL, NULL, 1.646, 0.0229),
    ('51', 'multa', 2249, 2020, '2019-06-22', NULL, NULL, '2827.39.95', 155.74, 0.1308, NULL, NULL),
    ('41', 'multa', 2735, 2025, '2015-02-10', NULL, NULL, NULL, 75.97, 0.1766, NULL, NULL),
    ('3304557', 'multa', 3199, 2022, '2016-09-05', NULL, NULL, NULL, 81.49, 0.2297, NULL, NULL),
    ('3106200', 'multa', 3311, 2024, '2025-08-22', NULL, '1.1107.33.00', NULL, 212.26, 0.2119, NULL, NULL),
    ('4106902', 'multa', 3072, 2017, '2022-09-03', NULL, NULL, NULL, 130.6, 0.2473, NULL, NULL),
    ('3550308', 'multa', 4660, 2018, '2025-09-27', NULL, NULL, '9013.10.90', 148.21, 0.2306, NULL, NULL),
    ('3306305', 'multa', 1563, 2021, '2023-08-29', '2029-06-18', '1.0102.1', NULL, 741.16, 0.1383, NULL, NULL),
    ('3146206', 'if', 121, 2016, '2025-11-07', NULL, '1.1410.90.00', '0305.72.00', NULL, NULL, 5.7018, 0.0614),
    ('3501905', 'if', 4106, 2025, '2025-07-01', NULL, NULL, NULL, NULL, NULL, 1.4, 0.0215),
    ('21', 'multa', 4506, 2021, '2025-06-17', '2026-10-14', '1.1104', '3702.44.21', 247.75, 0.0822, NULL, NULL),
    ('4205407', 'if', 2064, 2015, '2017-09-07', NULL, NULL, NULL, NULL, NULL, 2.5406, 0.0301),
    ('41', 'multa', 1954, 2017, '2017-06-13', NULL, NULL, '6913.10.00', 163.82, 0.0933, NULL, NULL),
    ('26', 'multa', 4353, 2023, '2023-12-31', NULL, '1.0102.35.10', '8007.00.20', 144.82, 0.0289, NULL, NULL),
    ('3306305', 'if', 2770, 2024, '2024-11-10', NULL, '1.0107.20.00', '8403.10.90', NULL, NULL, 12.5737, 0.0685),
    ('4208302', 'multa', 2521, 2016, '2019-11-11', '2023-08-07', '1.0502.14.52', '8112.99.00', 135.0, 0.1447, NULL, NULL),
    ('5300108', 'if', 4666, 2020, '2020-04-07', NULL, '1.0501.11.10', '2834.10.10', NULL, NULL, 55.2374, 0.027),
    ('4308250', 'multa', 687, 2018, '2017-01-28', NULL, NULL, '8447.90.90', 103.35, 0.1144, NULL, NULL),
    ('35', 'if', 2518, 2016, '2022-05-11', NULL, NULL, '8525.60.10', NULL, NULL, 4.4006, 0.0762),
    ('3205309', 'multa', 4344, 2025, '2021-12-18', NULL, '1.0102.5', NULL, 115.89, 0.0876, NULL, NULL),
    ('3505906', 'if', 191, 2025, '2024-12-23', NULL, NULL, '7605.21.10', NULL, NULL, 2.1408, 0.0073),
    ('3548906', 'multa', 506, 2022, '2022-11-10', NULL, '1.0402.21.20', '1511.10.00', 61.75, 0.078, NULL, NULL),
    ('4308250', 'if', 2000, 2018, '2018-08-14', NULL, '1.1201.40.00', '7110.39.00', NULL, NULL, 3.1116, 0.0479),
    ('3146206', 'multa', 4294, 2022, '2019-10-14', NULL, NULL, NULL, 640.66, 0.0388, NULL, NULL),
    ('4314902', 'multa', 1368, 2016, '2019-01-06', NULL, '1.0502.14.40', NULL, 21833.61, 0.2009, NULL, NULL),
    ('3306305', 'if', 4240, 2016, '2018-11-15', NULL, NULL, NULL, NULL, NULL, 4.0582, 0.0547),
    ('35', 'if', 1582, 2015, '2016-08-18', NULL, '1.1701.90.00', NULL, NULL, NULL, 1.6801, 0.0017),
    ('3106200', 'if', 2141, 2024, '2015-11-06', '2016-12-13', NULL, NULL, NULL, NULL, 13.2364, 0.0572),
    ('24', 'multa', 4141, 2026, '2016-07-20', NULL, '1.1806.82.00', '4009.21.10', 133.07, 0.0326, NULL, NULL),
    ('3306305', 'multa', 771, 2021, '2016-08-13', NULL, NULL, NULL, 167.93, 0.1299, NULL, NULL),
    ('33', 'if', 383, 2026, '2020-07-25', NULL, NULL, NULL, NULL, NULL, 3.0224, 0.0704),
    ('31', 'multa', 1158, 2022, '2018-10-08', NULL, '1.0501.32.00', '8524.92.00', 99.02, 0.0693, NULL, NULL),
    ('5300108', 'if', 4492, 2022, '2016-09-29', NULL, '1.2506.00.00', '8536.69.10', NULL, NULL, 2.2541, 0.0688),
    ('4208302', 'multa', 1125, 2023, '2016-02-08', NULL, NULL, NULL, 188.26, 0.1508, NULL, NULL),
    ('26', 'if', 3445, 2025, '2025-10-15', '2029-04-08', NULL, '2914.22.20', NULL, NULL, 6.7142, 0.0655),
    ('3146206', 'multa', 2513, 2023, '2024-02-04', NULL, '1.0301.3', '2933.99.59', 220.21, 0.011, NULL, NULL),
    ('4314902', 'multa', 2680, 2024, '2024-01-21', NULL, '1.1803.10.00', NULL, 119.99, 0.1093, NULL, NULL),
    ('3146107', 'if', 1783, 2022, '2017-02-09', NULL, NULL, NULL, NULL, NULL, 0.8858, 0.0428),
    ('3106200', 'if', 4708, 2017, '2019-06-17', '2020-03-17', '1.1303', NULL, NULL, NULL, 3.3998, 0.076),
    ('3205309', 'multa', 1488, 2025, '2023-01-26', NULL, '1.2404.19.00', NULL, 157.12, 0.0318, NULL, NULL),
    ('28', 'multa', 2724, 2022, '2016-12-18', NULL, NULL, NULL, 168.92, 0.0563, NULL, NULL),
    ('33', 'if', 2241, 2017, '2024-02-08', NULL, NULL, NULL, NULL, NULL, 2.2853, 0.0355),
    ('3306305', 'if', 3475, 2025, '2023-08-21', NULL, NULL, '8518.21.00', NULL, NULL, 4.7825, 0.0027),
    ('3501905', 'multa', 725, 2017, '2019-07-16', NULL, NULL, NULL, 99.27, 0.0132, NULL, NULL),
    ('4308250', 'if', 4745, 2025, '2026-01-17', NULL, NULL, '3909.40.91', NULL, NULL, 1.8412, 0.0604),
    ('4314902', 'if', 2031, 2017, '2025-07-30', NULL, '1.0505.10.00', NULL, NULL, NULL, 1.8757, 0.0466),
    ('43', 'multa', 3525, 2025, '2017-08-11', NULL, NULL, NULL, 67.78, 0.0745, NULL, NULL),
    ('33', 'multa', 4935, 2017, '2025-08-03', NULL, '1.0101.2', '2933.91.33', 1809.99, 0.1883, NULL, NULL),
    ('35', 'if', 4936, 2018, '2018-02-27', NULL, NULL, NULL, NULL, NULL, 57.6813, 0.0612),
    ('42', 'multa', 1981, 2021, '2020-01-08', NULL, '1.0502.24.20', NULL, 356.64, 0.0858, NULL, NULL),
    ('3505906', 'if', 4818, 2021, '2023-05-08', NULL, NULL, '8703.21.00', NULL, NULL, 4.0082, 0.0386),
    ('21', 'if', 3938, 2016, '2023-01-24', NULL, NULL, '2936.29.40', NULL, NULL, 0.6749, 0.0161),
    ('42', 'if', 3291, 2016, '2016-04-05', NULL, NULL, '6208.92.00', NULL, NULL, 2.4209, 0.0416),
    ('26', 'multa', 4259, 2024, '2023-01-10', NULL, NULL, NULL, 115.59, 0.2189, NULL, NULL),
    ('3306305', 'if', 4233, 2025, '2021-04-30', NULL, NULL, NULL, NULL, NULL, 1.2548, 0.0308),
    ('4314902', 'multa', 576, 2025, '2022-11-04', '2023-01-29', NULL, NULL, 83.79, 0.1212, NULL, NULL),
    ('26', 'multa', 4456, 2016, '2016-02-22', NULL, '1.0401.22.00', NULL, 168.21, 0.2468, NULL, NULL),
    ('21', 'multa', 2064, 2016, '2019-03-21', NULL, NULL, NULL, 281.99, 0.1601, NULL, NULL),
    ('3106200', 'if', 164, 2017, '2015-10-18', '2020-03-20', '1.1412.00.00', '4107.12.20', NULL, NULL, 4.1299, 0.0287),
    ('41', 'multa', 4806, 2016, '2015-12-07', NULL, NULL, NULL, 331.99, 0.2448, NULL, NULL),
    ('43', 'multa', 4249, 2015, '2021-10-03', NULL, NULL, NULL, 360.1, 0.1506, NULL, NULL),
    ('51', 'multa', 2241, 2021, '2022-03-03', '2027-05-16', '1.0502.2', NULL, 210.36, 0.0906, NULL, NULL),
    ('35', 'if', 2541, 2024, '2022-10-05', NULL, NULL, NULL, NULL, NULL, 5.176, 0.0231),
    ('3306305', 'multa', 3287, 2022, '2015-11-28', NULL, NULL, NULL, 173.59, 0.2386, NULL, NULL),
    ('41', 'multa', 1733, 2024, '2026-07-04', NULL, '1.0102.3', '1212.94.00', 940.3, 0.1287, NULL, NULL),
    ('3550308', 'multa', 57, 2015, '2015-07-02', NULL, '1.2504.21.00', NULL, 339.6, 0.2315, NULL, NULL),
    ('43', 'multa', 1643, 2017, '2025-01-14', NULL, NULL, NULL, 474.42, 0.1734, NULL, NULL),
    ('2919306', 'multa', 3212, 2025, '2022-09-26', NULL, NULL, NULL, 226.15, 0.159, NULL, NULL),
    ('3304557', 'if', 3811, 2016, '2025-02-17', NULL, '1.1706.24.00', NULL, NULL, NULL, 1.6863, 0.0118),
    ('3306305', 'multa', 420, 2021, '2020-10-20', NULL, NULL, NULL, 193.47, 0.0768, NULL, NULL),
    ('31', 'if', 637, 2015, '2019-08-02', NULL, '1.0102.35.30', '2901.23.00', NULL, NULL, 91.0074, 0.0758),
    ('3550308', 'if', 1527, 2024, '2016-09-23', NULL, NULL, NULL, NULL, NULL, 0.8249, 0.0634),
    ('24', 'if', 4946, 2015, '2020-10-09', NULL, NULL, '8701.95.90', NULL, NULL, 5.4236, 0.0065),
    ('32', 'if', 4898, 2021, '2024-11-04', NULL, '1.0107.30.00', '3004.90.36', NULL, NULL, 4.0347, 0.0433),
    ('1302603', 'if', 31, 2026, '2015-11-22', NULL, NULL, NULL, NULL, NULL, 6.364, 0.0296),
    ('4106902', 'multa', 4549, 2018, '2021-12-29', NULL, '1.1404.1', NULL, 39.95, 0.0921, NULL, NULL),
    ('32', 'if', 1073, 2019, '2020-03-10', '2026-06-23', NULL, NULL, NULL, NULL, 4.0764, 0.0116),
    ('3146107', 'multa', 1992, 2026, '2015-06-19', NULL, NULL, NULL, 171.24, 0.0114, NULL, NULL),
    ('28', 'multa', 169, 2016, '2020-02-04', NULL, '1.1406.33.00', NULL, 124.95, 0.2147, NULL, NULL),
    ('3306305', 'multa', 1830, 2022, '2023-07-19', NULL, '1.0904.37.00', '8112.41.00', 228.33, 0.1314, NULL, NULL),
    ('3146107', 'if', 1625, 2024, '2021-09-18', NULL, '1.0910.90.00', NULL, NULL, NULL, 1.0839, 0.0445),
    ('4106902', 'if', 601, 2018, '2016-07-14', NULL, NULL, '3824.99.61', NULL, NULL, 74.4081, 0.0318),
    ('26', 'if', 3805, 2025, '2018-03-10', NULL, '1.20', NULL, NULL, NULL, 1.1742, 0.0376),
    ('4106902', 'if', 274, 2021, '2022-09-02', NULL, '1.1501.30.00', '2922.49.69', NULL, NULL, 54.3445, 0.0044),
    ('4314902', 'if', 3126, 2023, '2019-10-03', NULL, NULL, NULL, NULL, NULL, 1.4804, 0.0357),
    ('31', 'if', 3806, 2017, '2021-03-26', NULL, NULL, NULL, NULL, NULL, 2.8217, 0.0213),
    ('3505906', 'if', 3715, 2025, '2020-07-11', NULL, NULL, '8502.13.90', NULL, NULL, 2.4817, 0.0605),
    ('1302603', 'if', 379, 2017, '2023-07-08', NULL, NULL, '2902.50.00', NULL, NULL, 4.1293, 0.0424),
    ('41', 'if', 4723, 2021, '2015-04-28', NULL, '1.0401.42.00', '9702.10.00', NULL, NULL, 24.2865, 0.0044),
    ('32', 'multa', 3703, 2018, '2018-01-18', NULL, NULL, '3102.29.10', 119.02, 0.1314, NULL, NULL),
    ('24', 'if', 2799, 2023, '2018-02-17', NULL, NULL, NULL, NULL, NULL, 6.7957, 0.0358),
    ('51', 'multa', 62, 2022, '2021-12-01', NULL, NULL, NULL, 15.21, 0.1851, NULL, NULL),
    ('2919306', 'if', 4122, 2018, '2016-12-09', NULL, NULL, NULL, NULL, NULL, 4.5565, 0.0397),
    ('26', 'multa', 3802, 2021, '2021-09-18', NULL, '1.1001.11.00', NULL, 65.36, 0.1224, NULL, NULL),
    ('3501905', 'if', 4366, 2017, '2019-10-26', '2022-09-15', '1.11', '7209.18.00', NULL, NULL, 3.4773, 0.0499),
    ('33', 'multa', 4441, 2025, '2017-11-12', '2020-04-30', '1.1801.11.00', NULL, 108.22, 0.2452, NULL, NULL),
    ('3501905', 'if', 4764, 2024, '2026-04-29', NULL, '1.0403.24.00', '8703.23.90', NULL, NULL, 6.8295, 0.0108),
    ('26', 'multa', 3365, 2019, '2024-04-10', NULL, NULL, NULL, 154.08, 0.0905, NULL, NULL),
    ('51', 'multa', 3491, 2023, '2021-12-10', NULL, NULL, '5206.22.00', 111.48, 0.0572, NULL, NULL),
    ('3146206', 'if', 3805, 2024, '2025-04-14', NULL, NULL, NULL, NULL, NULL, 2.2394, 0.0166),
    ('24', 'if', 1692, 2021, '2026-11-29', '2033-05-17', NULL, '7217.10.90', NULL, NULL, 3.6347, 0.0151),
    ('13', 'multa', 4941, 2025, '2023-08-16', NULL, '1.0502.11.20', '0207.54.00', 15.63, 0.1775, NULL, NULL),
    ('3106200', 'if', 1254, 2024, '2018-02-03', NULL, NULL, '9028.30.39', NULL, NULL, 6.1295, 0.0202),
    ('3146206', 'if', 3810, 2024, '2024-02-05', NULL, '1.0401.15', '8802.20.10', NULL, NULL, 2.8208, 0.0204),
    ('3505906', 'multa', 708, 2020, '2023-05-29', NULL, '1.2402.10.00', NULL, 210.55, 0.1498, NULL, NULL),
    ('42', 'multa', 3878, 2020, '2025-06-10', '2026-06-23', NULL, '3911.10.2', 321.78, 0.0739, NULL, NULL),
    ('28', 'if', 3208, 2022, '2015-02-20', NULL, NULL, '2930.90.85', NULL, NULL, 1.818, 0.0439),
    ('3505906', 'multa', 2823, 2015, '2025-10-05', NULL, '1.1805.14.00', NULL, 177.71, 0.2256, NULL, NULL),
    ('3548906', 'if', 2906, 2026, '2023-09-25', NULL, NULL, '2508.40.90', NULL, NULL, 4.4551, 0.0145),
    ('53', 'if', 3088, 2016, '2015-01-29', NULL, '1.0609.00.00', '4802.62.99', NULL, NULL, 7.8062, 0.075),
    ('4314902', 'multa', 2806, 2021, '2019-03-15', NULL, '1.2205.19.00', NULL, 439.5, 0.1416, NULL, NULL),
    ('42', 'multa', 3645, 2015, '2025-02-03', NULL, '1.0107.30.00', '0304.72.00', 930.69, 0.2155, NULL, NULL),
    ('1302603', 'if', 1785, 2026, '2015-05-26', NULL, '1.2404.39.00', '3824.99.87', NULL, NULL, 0.9173, 0.0196),
    ('3146206', 'multa', 402, 2020, '2023-08-06', NULL, NULL, NULL, 176.09, 0.1313, NULL, NULL),
    ('51', 'multa', 3016, 2016, '2016-09-10', NULL, '1.0301.90.00', '8506.10.32', 782.25, 0.142, NULL, NULL),
    ('3205309', 'if', 1868, 2026, '2025-07-22', NULL, '1.2302.22.00', NULL, NULL, NULL, 1.3443, 0.0722),
    ('3106200', 'multa', 693, 2026, '2024-12-30', NULL, NULL, NULL, 193.7, 0.2036, NULL, NULL),
    ('41', 'multa', 1849, 2024, '2025-02-18', NULL, '1.0501.39.00', NULL, 313.46, 0.0647, NULL, NULL),
    ('3550308', 'if', 4036, 2018, '2022-12-30', NULL, '1.2003.29.00', NULL, NULL, NULL, 2.5332, 0.074),
    ('2927408', 'multa', 931, 2015, '2015-07-02', NULL, NULL, '2921.19.41', 78.22, 0.0918, NULL, NULL),
    ('28', 'multa', 2203, 2021, '2015-10-22', NULL, NULL, NULL, 1905.29, 0.0125, NULL, NULL),
    ('24', 'multa', 4985, 2025, '2022-12-21', NULL, NULL, NULL, 201.16, 0.0647, NULL, NULL),
    ('31', 'if', 4524, 2026, '2019-07-24', '2025-09-21', '1.0910.20.00', '5604.90.22', NULL, NULL, 3.8266, 0.0538),
    ('3548906', 'if', 3227, 2015, '2022-06-30', NULL, NULL, NULL, NULL, NULL, 5.6042, 0.0305),
    ('26', 'if', 173, 2015, '2024-05-23', NULL, '1.01', NULL, NULL, NULL, 38.5251, 0.0765),
    ('4208302', 'multa', 4275, 2017, '2022-08-28', NULL, '1.1405.11.00', '2933.29.2', 382.1, 0.0905, NULL, NULL),
    ('3304557', 'multa', 4848, 2017, '2017-08-03', NULL, NULL, '3004.90.32', 110.75, 0.1912, NULL, NULL),
    ('4106902', 'if', 4863, 2015, '2015-09-04', NULL, '1.0604.40.00', NULL, NULL, NULL, 15.9822, 0.0617),
    ('4308250', 'multa', 4561, 2018, '2019-09-24', NULL, NULL, NULL, 391.0, 0.1009, NULL, NULL),
    ('3205309', 'if', 1510, 2023, '2026-01-06', NULL, '1.1903.12.00', NULL, NULL, NULL, 3.0364, 0.0344),
    ('3146107', 'multa', 3207, 2025, '2026-02-12', NULL, NULL, NULL, 109.47, 0.1964, NULL, NULL),
    ('26', 'multa', 1777, 2017, '2017-05-06', NULL, NULL, '2917.39.40', 317.46, 0.1998, NULL, NULL),
    ('3505906', 'multa', 4421, 2022, '2026-02-06', NULL, NULL, '3922.20.00', 223.43, 0.1527, NULL, NULL),
    ('32', 'multa', 841, 2017, '2023-02-25', NULL, '1.0503.24.00', NULL, 119.2, 0.2152, NULL, NULL),
    ('13', 'multa', 4322, 2017, '2022-04-24', '2026-02-18', NULL, '0602.40.00', 137.53, 0.1244, NULL, NULL),
    ('1302603', 'multa', 4099, 2026, '2025-06-05', NULL, '1.0102.35.20', '3905.91.90', 220.57, 0.2395, NULL, NULL),
    ('4308250', 'multa', 2651, 2019, '2021-11-19', NULL, '1.0106.60.00', '1602.32.10', 614.1, 0.146, NULL, NULL),
    ('42', 'multa', 1117, 2026, '2023-06-06', NULL, NULL, '8704.32.90', 327.97, 0.1838, NULL, NULL),
    ('51', 'multa', 3537, 2016, '2020-04-26', NULL, NULL, NULL, 94.86, 0.0802, NULL, NULL),
    ('24', 'multa', 4069, 2025, '2015-05-07', NULL, NULL, '2933.91.12', 74.98, 0.1534, NULL, NULL),
    ('41', 'multa', 1619, 2018, '2026-06-26', '2031-03-20', '1.1409.23.00', NULL, 178.12, 0.1193, NULL, NULL),
    ('3304557', 'if', 1890, 2024, '2016-03-02', NULL, NULL, NULL, NULL, NULL, 4.9169, 0.0697),
    ('3304557', 'multa', 2798, 2020, '2024-04-17', '2025-06-28', NULL, '2908.19.29', 236.37, 0.1707, NULL, NULL),
    ('33', 'multa', 769, 2019, '2025-05-10', NULL, '1.0801', '6212.10.00', 229.13, 0.1657, NULL, NULL),
    ('21', 'if', 4035, 2017, '2019-10-23', '2021-12-05', NULL, NULL, NULL, NULL, 3.2244, 0.0464),
    ('24', 'if', 369, 2015, '2017-03-27', NULL, NULL, NULL, NULL, NULL, 4.062, 0.068),
    ('5300108', 'if', 4364, 2026, '2025-03-08', NULL, '1.1802.50.00', NULL, NULL, NULL, 1.7051, 0.0014),
    ('4208302', 'if', 3459, 2017, '2018-01-17', NULL, '1.1806', NULL, NULL, NULL, 3.4374, 0.0373),
    ('3306305', 'multa', 1918, 2021, '2017-02-13', '2019-04-15', '1.15', NULL, 76.32, 0.1517, NULL, NULL),
    ('4205407', 'multa', 1266, 2015, '2022-12-08', '2023-03-09', '1.1404.21.00', '2207.10.10', 164.04, 0.1313, NULL, NULL),
    ('4308250', 'multa', 4268, 2022, '2026-09-02', NULL, '1.1408.12.00', NULL, 1110.77, 0.1467, NULL, NULL),
    ('43', 'multa', 2131, 2017, '2025-10-19', NULL, NULL, NULL, 69.26, 0.0172, NULL, NULL),
    ('4208302', 'if', 4100, 2024, '2026-07-30', NULL, NULL, '2939.11.32', NULL, NULL, 1.2707, 0.0169),
    ('3304557', 'if', 4359, 2020, '2022-10-07', NULL, '1.1502.10.00', NULL, NULL, NULL, 3.8856, 0.0231),
    ('32', 'if', 4907, 2018, '2022-08-31', NULL, NULL, '2937.23.51', NULL, NULL, 4.5466, 0.0618),
    ('4205407', 'if', 459, 2017, '2018-10-21', NULL, NULL, NULL, NULL, NULL, 3.9496, 0.0524),
    ('3550308', 'if', 337, 2023, '2024-11-08', '2031-09-04', '1.0905.21.00', '0106.33.10', NULL, NULL, 4.0612, 0.0719),
    ('33', 'multa', 663, 2026, '2018-11-04', NULL, '1.0103.41.00', '5513.21.00', 234.63, 0.2025, NULL, NULL),
    ('13', 'multa', 925, 2023, '2026-04-01', NULL, NULL, '3904.50.90', 64.08, 0.0935, NULL, NULL),
    ('26', 'multa', 851, 2021, '2017-02-09', '2017-10-13', NULL, '7219.31.00', 179.18, 0.142, NULL, NULL),
    ('32', 'if', 2983, 2026, '2023-02-18', NULL, '1.1405.21.00', '4008.29.00', NULL, NULL, 5.439, 0.0454),
    ('29', 'if', 3488, 2024, '2021-09-02', NULL, NULL, NULL, NULL, NULL, 11.4425, 0.0246),
    ('4314902', 'multa', 2496, 2026, '2021-11-20', NULL, '1.1805.62.00', '9032.89.82', 40.82, 0.1964, NULL, NULL),
    ('28', 'multa', 4021, 2021, '2019-07-21', NULL, '1.0505.10.00', NULL, 95.26, 0.0868, NULL, NULL),
    ('4314902', 'if', 955, 2018, '2021-01-06', NULL, NULL, '7326.20.00', NULL, NULL, 2.8135, 0.0218),
    ('1302603', 'multa', 2689, 2017, '2022-07-31', NULL, '1.0501.25.00', NULL, 255.97, 0.0241, NULL, NULL),
    ('42', 'if', 719, 2019, '2023-10-17', NULL, NULL, NULL, NULL, NULL, 7.4134, 0.0273),
    ('5300108', 'multa', 730, 2019, '2019-08-05', NULL, '1.0501.24.10', NULL, 352.92, 0.0302, NULL, NULL),
    ('3146107', 'if', 4542, 2016, '2020-09-20', '2026-07-07', NULL, NULL, NULL, NULL, 1.3014, 0.0553),
    ('3205309', 'if', 3237, 2022, '2015-02-07', NULL, NULL, NULL, NULL, NULL, 2.7991, 0.0581),
    ('31', 'if', 4494, 2023, '2019-05-29', '2019-08-21', '1.0901.51', NULL, NULL, NULL, 5.6262, 0.0582),
    ('4314902', 'multa', 4398, 2025, '2023-01-15', '2029-06-30', NULL, NULL, 259.85, 0.1318, NULL, NULL),
    ('43', 'if', 4611, 2018, '2016-12-02', NULL, NULL, NULL, NULL, NULL, 2.7084, 0.0245),
    ('53', 'if', 2047, 2024, '2022-12-22', NULL, NULL, NULL, NULL, NULL, 5.4476, 0.0564),
    ('21', 'if', 2519, 2015, '2019-03-31', NULL, NULL, '8509.40.10', NULL, NULL, 3.088, 0.0291),
    ('3548906', 'multa', 1955, 2022, '2017-03-30', NULL, '1.2304.20.00', NULL, 319.48, 0.0234, NULL, NULL),
    ('35', 'multa', 4371, 2019, '2016-02-19', NULL, NULL, '9003.11.00', 304.98, 0.2191, NULL, NULL),
    ('4208302', 'multa', 1464, 2017, '2017-11-09', NULL, '1.0501.24.2', '8007.00.90', 118.76, 0.1697, NULL, NULL),
    ('41', 'multa', 3237, 2015, '2022-03-18', NULL, '1.1806.90.00', '8462.49.00', 102.39, 0.2092, NULL, NULL),
    ('32', 'if', 3630, 2023, '2017-11-15', NULL, '1.1201.3', NULL, NULL, NULL, 0.4432, 0.0118),
    ('24', 'if', 1145, 2016, '2018-05-05', NULL, NULL, NULL, NULL, NULL, 12.2728, 0.0648),
    ('3548906', 'multa', 372, 2023, '2020-07-23', NULL, NULL, '8707.90.10', 113.51, 0.1042, NULL, NULL),
    ('1302603', 'multa', 1984, 2025, '2026-07-24', NULL, '1.0401.15.20', NULL, 103.23, 0.2166, NULL, NULL),
    ('2919306', 'multa', 4852, 2021, '2018-01-28', '2024-06-12', NULL, '5513.21.00', 293.7, 0.2018, NULL, NULL),
    ('3501905', 'if', 3018, 2015, '2015-09-02', NULL, '1.1501.10.00', '2106.90.90', NULL, NULL, 106.4393, 0.0771),
    ('32', 'if', 3331, 2017, '2025-01-07', NULL, '1.02', '2914.40.10', NULL, NULL, 2.4689, 0.0307),
    ('43', 'multa', 628, 2021, '2022-05-23', NULL, '1.1805.50.00', NULL, 172.23, 0.1974, NULL, NULL),
    ('43', 'if', 1048, 2025, '2017-05-11', NULL, '1.2003.26.90', NULL, NULL, NULL, 3.2767, 0.0238),
    ('29', 'multa', 2882, 2021, '2024-08-05', NULL, '1.1202.10.00', NULL, 93.82, 0.1909, NULL, NULL),
    ('3505906', 'if', 1690, 2015, '2026-02-11', NULL, NULL, NULL, NULL, NULL, 7.1479, 0.0635),
    ('3505906', 'multa', 1423, 2022, '2017-08-22', NULL, NULL, '8473.40.90', 245.76, 0.071, NULL, NULL),
    ('2927408', 'multa', 2778, 2021, '2017-11-19', NULL, '1.0501.2', '4902.90.00', 132.51, 0.1287, NULL, NULL),
    ('5300108', 'if', 1599, 2017, '2021-05-10', NULL, '1.0102.52.10', NULL, NULL, NULL, 4.8099, 0.0405),
    ('32', 'if', 702, 2024, '2026-02-17', NULL, '1.1805.3', '8479.89.11', NULL, NULL, 4.7015, 0.0367),
    ('3505906', 'multa', 305, 2023, '2022-01-16', NULL, NULL, NULL, 303.77, 0.1491, NULL, NULL),
    ('42', 'if', 4978, 2017, '2025-09-19', '2029-06-10', '1.0504.43.00', NULL, NULL, NULL, 45.9843, 0.028),
    ('3304557', 'multa', 3700, 2021, '2022-04-20', NULL, '1.0102.13.00', '2931.59.1', 288.11, 0.2418, NULL, NULL),
    ('2919306', 'if', 731, 2017, '2025-06-03', NULL, NULL, NULL, NULL, NULL, 480.1423, 0.0643),
    ('41', 'if', 2719, 2017, '2024-04-02', NULL, '1.2203.10.00', NULL, NULL, NULL, 6.6233, 0.0634),
    ('5300108', 'multa', 1044, 2020, '2020-09-26', NULL, NULL, NULL, 164.77, 0.0161, NULL, NULL),
    ('2927408', 'if', 3126, 2021, '2015-05-02', NULL, NULL, NULL, NULL, NULL, 0.5423, 0.008),
    ('3146107', 'if', 2447, 2018, '2025-05-23', '2029-07-28', NULL, NULL, NULL, NULL, 2.1113, 0.0781),
    ('3146206', 'multa', 4714, 2023, '2018-12-04', NULL, NULL, NULL, 102.59, 0.1532, NULL, NULL),
    ('1302603', 'multa', 3405, 2022, '2018-01-07', NULL, '1.0901.29.00', '8431.31.10', 96.41, 0.1496, NULL, NULL),
    ('26', 'if', 4045, 2019, '2020-01-05', NULL, NULL, NULL, NULL, NULL, 132.7954, 0.0452),
    ('13', 'if', 1765, 2018, '2021-12-02', NULL, NULL, '1401.10.00', NULL, NULL, 2.3009, 0.0469),
    ('26', 'multa', 706, 2026, '2024-08-27', '2029-08-27', '1.0201.00.00', NULL, 407.53, 0.2495, NULL, NULL),
    ('53', 'multa', 2488, 2017, '2023-05-25', NULL, NULL, '9028.30.31', 5020.64, 0.234, NULL, NULL),
    ('33', 'if', 183, 2016, '2026-03-23', '2029-02-18', NULL, '2930.30.22', NULL, NULL, 1.4771, 0.0178),
    ('43', 'multa', 3292, 2017, '2019-02-11', NULL, '1.0502.31.10', '2922.39.2', 217.88, 0.0269, NULL, NULL),
    ('4106902', 'multa', 793, 2016, '2023-10-28', NULL, '1.1301', NULL, 89.65, 0.2466, NULL, NULL),
    ('13', 'multa', 2960, 2016, '2019-11-23', NULL, NULL, NULL, 591.5, 0.1346, NULL, NULL),
    ('3106200', 'if', 2696, 2023, '2015-04-17', NULL, '1.0401.2', '4203.30.00', NULL, NULL, 0.3974, 0.0674),
    ('26', 'multa', 2211, 2020, '2016-10-08', '2023-05-27', '1.0102.41', NULL, 118.44, 0.0346, NULL, NULL),
    ('3501905', 'if', 852, 2016, '2023-02-08', NULL, '1.0903.22.00', NULL, NULL, NULL, 2.6314, 0.0622),
    ('28', 'if', 3836, 2026, '2020-04-12', '2026-06-26', '1.0901.51.24', '3702.53.00', NULL, NULL, 2.5033, 0.0043),
    ('3306305', 'multa', 3557, 2020, '2021-03-14', NULL, NULL, '8409.99.59', 349.71, 0.2369, NULL, NULL),
    ('4314902', 'multa', 3581, 2016, '2023-12-02', NULL, '1.2405', NULL, 113.65, 0.0531, NULL, NULL),
    ('53', 'if', 4056, 2020, '2024-01-09', '2027-01-09', NULL, '8477.59.1', NULL, NULL, 2.6243, 0.0733),
    ('31', 'multa', 2510, 2016, '2024-06-16', NULL, '1.0504.49.00', NULL, 300.7, 0.1509, NULL, NULL),
    ('4106902', 'if', 1485, 2026, '2017-05-19', NULL, '1.0502.24', '2929.90.39', NULL, NULL, 2.8845, 0.0123),
    ('42', 'multa', 1272, 2026, '2015-04-25', NULL, '1.0402.3', NULL, 194.58, 0.1972, NULL, NULL),
    ('3304557', 'if', 918, 2023, '2016-02-25', NULL, '1.0904.36.00', NULL, NULL, NULL, 2.6731, 0.0505),
    ('2927408', 'multa', 441, 2017, '2018-06-30', NULL, NULL, NULL, 71.72, 0.2351, NULL, NULL),
    ('3548906', 'multa', 4294, 2018, '2026-01-07', NULL, NULL, NULL, 115.69, 0.2061, NULL, NULL),
    ('51', 'multa', 4575, 2019, '2023-09-15', NULL, '1.2602.90.00', '4303.90.00', 96.1, 0.0929, NULL, NULL),
    ('3548906', 'if', 4688, 2026, '2018-05-15', NULL, '1.0401.12.20', '2920.90.32', NULL, NULL, 3.7795, 0.0528),
    ('33', 'if', 2393, 2026, '2015-04-05', NULL, NULL, '3209.10.20', NULL, NULL, 4.0644, 0.0298),
    ('3146206', 'if', 3790, 2016, '2018-01-13', '2021-02-19', '1.0401.4', '3901.20.2', NULL, NULL, 2.0533, 0.0729),
    ('3501905', 'if', 2771, 2018, '2017-12-30', '2018-08-08', NULL, NULL, NULL, NULL, 2.3908, 0.0686),
    ('24', 'multa', 568, 2017, '2025-06-16', '2028-04-12', '1.0901.52', NULL, 316.72, 0.0645, NULL, NULL),
    ('42', 'if', 517, 2020, '2022-11-03', NULL, '1.0605.20.00', '5514.43.00', NULL, NULL, 3.0842, 0.077),
    ('24', 'multa', 1544, 2023, '2021-01-12', NULL, NULL, NULL, 196.09, 0.0488, NULL, NULL),
    ('3146206', 'if', 3007, 2017, '2021-01-25', NULL, '1.1801.2', NULL, NULL, NULL, 3.0046, 0.0431),
    ('3146206', 'multa', 1103, 2021, '2022-12-17', NULL, NULL, NULL, 168.2, 0.1286, NULL, NULL),
    ('41', 'if', 2839, 2016, '2025-05-15', NULL, '1.1702.90.00', NULL, NULL, NULL, 7.0544, 0.0684),
    ('51', 'if', 1608, 2026, '2019-05-25', NULL, NULL, NULL, NULL, NULL, 4.5872, 0.0317),
    ('21', 'multa', 1927, 2022, '2021-05-10', NULL, '1.0504.12.00', '2933.21.2', 178.98, 0.1157, NULL, NULL),
    ('41', 'if', 3100, 2025, '2021-07-28', NULL, NULL, '2934.20.31', NULL, NULL, 4.6711, 0.011),
    ('4314902', 'multa', 999, 2025, '2022-05-05', NULL, '1.2406', '5911.32.00', 154.11, 0.1073, NULL, NULL),
    ('3205309', 'multa', 2355, 2019, '2024-11-13', NULL, NULL, NULL, 65.96, 0.0487, NULL, NULL),
    ('35', 'if', 65, 2017, '2024-09-10', NULL, '1.1701.1', '2922.49.59', NULL, NULL, 3.9496, 0.0344),
    ('28', 'multa', 4867, 2017, '2017-06-16', NULL, '1.0303.14.00', NULL, 113.23, 0.1927, NULL, NULL),
    ('3550308', 'if', 726, 2026, '2015-12-12', NULL, NULL, '2903.11.20', NULL, NULL, 9.5051, 0.0173),
    ('3205309', 'if', 2912, 2019, '2022-07-01', NULL, NULL, '2403.91.00', NULL, NULL, 7.3554, 0.0168),
    ('53', 'if', 4456, 2016, '2018-08-08', NULL, NULL, '6405.10.10', NULL, NULL, 1.4967, 0.0604),
    ('41', 'if', 2963, 2024, '2018-11-16', NULL, '1.1806.52.00', '5513.11.00', NULL, NULL, 5.4369, 0.0012),
    ('3306305', 'if', 4232, 2018, '2016-03-19', NULL, '1.0403', '6104.19.90', NULL, NULL, 4.1113, 0.0744),
    ('4208302', 'if', 661, 2025, '2024-04-14', '2030-06-06', '1.0401.11.19', '4412.10.00', NULL, NULL, 1.7998, 0.0534),
    ('21', 'multa', 1916, 2021, '2015-02-14', NULL, '1.0102.61.00', '5212.12.00', 410.05, 0.0939, NULL, NULL),
    ('28', 'if', 1797, 2019, '2024-07-22', '2029-06-26', NULL, NULL, NULL, NULL, 0.4533, 0.0334),
    ('3146206', 'multa', 2856, 2021, '2022-02-04', NULL, '1.0402.21.10', NULL, 248.37, 0.2093, NULL, NULL),
    ('3146206', 'multa', 3812, 2024, '2023-12-03', NULL, '1.0504.45.10', '8507.10.90', 92.13, 0.1801, NULL, NULL),
    ('29', 'multa', 2894, 2015, '2017-05-28', NULL, NULL, '8903.12.00', 416.4, 0.0837, NULL, NULL),
    ('21', 'if', 739, 2025, '2015-01-19', NULL, '1.0401.16.20', NULL, NULL, NULL, 17.3613, 0.0521),
    ('51', 'if', 680, 2022, '2015-09-18', NULL, NULL, NULL, NULL, NULL, 1.9313, 0.0278),
    ('42', 'if', 4999, 2021, '2021-02-05', NULL, NULL, '7315.82.00', NULL, NULL, 1.1156, 0.0661),
    ('3205309', 'multa', 464, 2025, '2022-12-16', NULL, '1.1001.22.00', '8412.31.90', 39.03, 0.0404, NULL, NULL),
    ('32', 'multa', 2349, 2023, '2020-08-29', NULL, NULL, NULL, 127.92, 0.1741, NULL, NULL),
    ('3550308', 'multa', 4041, 2023, '2023-04-19', NULL, NULL, NULL, 78.56, 0.1898, NULL, NULL),
    ('28', 'multa', 4541, 2025, '2021-06-13', NULL, '1.1202.10.00', '9006.91.10', 4819.11, 0.1174, NULL, NULL),
    ('3548906', 'multa', 456, 2024, '2026-09-01', NULL, NULL, '7110.19.90', 164.17, 0.1727, NULL, NULL),
    ('3505906', 'multa', 4271, 2019, '2017-08-08', '2018-06-23', NULL, NULL, 132.1, 0.159, NULL, NULL),
    ('41', 'multa', 1010, 2016, '2025-09-13', NULL, '1.0102.20.00', '8477.10.29', 123.37, 0.1674, NULL, NULL),
    ('4208302', 'multa', 1418, 2024, '2019-02-24', '2019-07-03', '1.2001.32.00', '0105.11.90', 313.85, 0.1319, NULL, NULL),
    ('3146206', 'multa', 2171, 2021, '2020-02-24', NULL, '1.1301.40.00', '7407.29.2', 338.68, 0.1672, NULL, NULL),
    ('3548906', 'multa', 2990, 2022, '2024-05-11', NULL, NULL, NULL, 602.12, 0.1034, NULL, NULL),
    ('1302603', 'multa', 2874, 2024, '2017-12-16', NULL, '1.1401.16.00', NULL, 477.02, 0.095, NULL, NULL),
    ('3304557', 'multa', 966, 2024, '2019-10-03', '2024-12-28', '1.1706.1', NULL, 300.93, 0.2364, NULL, NULL),
    ('4208302', 'multa', 2820, 2020, '2026-07-01', '2027-08-28', '1.0403.23.00', NULL, 108.35, 0.1098, NULL, NULL),
    ('4106902', 'multa', 78, 2018, '2023-09-28', NULL, NULL, NULL, 148.4, 0.1538, NULL, NULL),
    ('5300108', 'if', 1197, 2021, '2017-11-07', '2023-06-09', NULL, NULL, NULL, NULL, 7.5672, 0.0619),
    ('4308250', 'if', 3319, 2019, '2018-07-12', NULL, NULL, '8461.90.90', NULL, NULL, 4.6183, 0.078),
    ('4106902', 'multa', 460, 2019, '2016-08-07', NULL, '1.0904', NULL, 143.73, 0.1222, NULL, NULL),
    ('3146206', 'if', 689, 2020, '2023-01-15', '2025-10-29', '1.2501.32.00', '2931.59.13', NULL, NULL, 4.378, 0.0366),
    ('3548906', 'multa', 3995, 2015, '2022-12-31', NULL, '1.0602.29.00', '2609.00.00', 135.49, 0.0326, NULL, NULL),
    ('3205309', 'multa', 1802, 2026, '2024-04-28', NULL, '1.0106.12.00', NULL, 258.17, 0.0701, NULL, NULL),
    ('3146107', 'multa', 2781, 2023, '2015-10-29', NULL, '1.0502.11.10', NULL, 702.13, 0.1382, NULL, NULL),
    ('5300108', 'if', 4637, 2016, '2021-05-08', NULL, NULL, NULL, NULL, NULL, 3.1077, 0.0152),
    ('28', 'if', 159, 2020, '2015-05-03', NULL, NULL, NULL, NULL, NULL, 9.6826, 0.0531),
    ('1302603', 'multa', 3203, 2018, '2020-09-05', NULL, '1.0502.24.52', '2930.90.31', 68.26, 0.0332, NULL, NULL),
    ('42', 'if', 1757, 2021, '2015-12-02', NULL, NULL, NULL, NULL, NULL, 1.5033, 0.0169),
    ('1302603', 'if', 3917, 2026, '2016-05-17', NULL, '1.2504.11.00', NULL, NULL, NULL, 1.9619, 0.0282),
    ('35', 'if', 4526, 2015, '2018-05-29', '2020-04-07', NULL, NULL, NULL, NULL, 0.9653, 0.0625),
    ('2919306', 'if', 556, 2020, '2017-11-09', NULL, NULL, '5513.21.00', NULL, NULL, 71.6637, 0.0517),
    ('3505906', 'multa', 930, 2015, '2022-02-23', NULL, '1.0905.1', NULL, 257.88, 0.1551, NULL, NULL),
    ('51', 'if', 4577, 2024, '2016-04-08', NULL, NULL, NULL, NULL, NULL, 1.6646, 0.0462),
    ('4106902', 'if', 2525, 2017, '2015-10-23', NULL, NULL, NULL, NULL, NULL, 3.5615, 0.0169),
    ('1302603', 'if', 2568, 2016, '2016-02-22', NULL, '1.2302', '5801.26.00', NULL, NULL, 2.3285, 0.0609),
    ('3550308', 'multa', 4119, 2025, '2020-08-26', NULL, '1.2303.00.00', NULL, 225.93, 0.0693, NULL, NULL),
    ('24', 'if', 1884, 2023, '2024-05-14', NULL, '1.1502.50.00', '9102.12.10', NULL, NULL, 3.8137, 0.0763),
    ('3550308', 'multa', 1197, 2015, '2019-09-16', '2020-01-11', NULL, NULL, 219.85, 0.0582, NULL, NULL),
    ('28', 'multa', 814, 2016, '2024-11-15', NULL, '1.2504.2', '0714.10.00', 277.45, 0.0919, NULL, NULL),
    ('4314902', 'if', 4063, 2017, '2024-12-21', '2025-07-30', NULL, NULL, NULL, NULL, 8.6669, 0.0464),
    ('3548906', 'if', 1846, 2024, '2023-12-30', NULL, '1.0105.60.00', NULL, NULL, NULL, 2.0728, 0.0271),
    ('3146107', 'if', 1478, 2019, '2015-02-05', NULL, '1.0304.10.00', '6802.29.00', NULL, NULL, 6.1721, 0.0018),
    ('3505906', 'if', 1275, 2021, '2022-01-20', '2025-01-18', NULL, NULL, NULL, NULL, 15.8161, 0.0038),
    ('1302603', 'if', 2534, 2019, '2020-10-20', NULL, NULL, NULL, NULL, NULL, 124.466, 0.0221),
    ('43', 'if', 1064, 2017, '2016-04-06', NULL, '1.20', '4105.10.10', NULL, NULL, 0.7806, 0.0255),
    ('3146107', 'multa', 3117, 2017, '2015-11-07', NULL, NULL, '1604.14.20', 91.94, 0.2172, NULL, NULL),
    ('3306305', 'multa', 2500, 2022, '2019-06-02', '2019-12-18', '1.1702.10.00', '3912.31.11', 312.59, 0.0791, NULL, NULL),
    ('3550308', 'if', 4384, 2025, '2020-11-26', NULL, NULL, NULL, NULL, NULL, 9.7123, 0.0579),
    ('2927408', 'multa', 955, 2018, '2019-07-24', NULL, NULL, NULL, 258.93, 0.1884, NULL, NULL),
    ('42', 'multa', 182, 2024, '2021-04-18', NULL, NULL, NULL, 437.65, 0.0795, NULL, NULL),
    ('4205407', 'multa', 1701, 2018, '2023-12-27', NULL, NULL, NULL, 129.06, 0.091, NULL, NULL),
    ('32', 'multa', 3496, 2023, '2017-06-15', NULL, NULL, NULL, 501.53, 0.1793, NULL, NULL),
    ('4208302', 'multa', 1376, 2026, '2016-10-21', '2022-04-01', '1.2001.10.00', NULL, 44.87, 0.1622, NULL, NULL),
    ('3550308', 'multa', 2979, 2024, '2023-10-12', NULL, '1.0102.90.00', '8445.40.39', 112.9, 0.219, NULL, NULL),
    ('3146206', 'if', 3220, 2017, '2018-08-14', NULL, '1.0904.22.00', NULL, NULL, NULL, 9.0256, 0.0365),
    ('3106200', 'if', 1614, 2015, '2020-07-25', '2024-02-21', '1.1701.34.00', NULL, NULL, NULL, 16.3813, 0.0389),
    ('4308250', 'if', 1110, 2016, '2023-09-03', NULL, '1.1108.90.00', NULL, NULL, NULL, 4.1027, 0.0796),
    ('3550308', 'multa', 2305, 2022, '2026-06-08', NULL, NULL, NULL, 425.81, 0.0921, NULL, NULL),
    ('53', 'if', 1522, 2018, '2022-03-31', NULL, '1.1202.20.00', '7409.31.1', NULL, NULL, 2.3598, 0.0608),
    ('3505906', 'multa', 3245, 2016, '2016-12-12', NULL, NULL, '2933.99.95', 360.06, 0.1789, NULL, NULL),
    ('3501905', 'multa', 223, 2024, '2025-02-20', NULL, '1.0608.20.00', '2502.00.00', 215.13, 0.0517, NULL, NULL),
    ('43', 'if', 4739, 2015, '2023-03-23', NULL, NULL, NULL, NULL, NULL, 5.988, 0.0319),
    ('4205407', 'if', 4760, 2025, '2020-04-26', '2021-01-20', NULL, NULL, NULL, NULL, 5.8062, 0.0083),
    ('3304557', 'if', 4568, 2019, '2017-01-24', NULL, '1.2204', NULL, NULL, NULL, 1.8176, 0.0526),
    ('28', 'if', 295, 2019, '2023-09-05', NULL, '1.22', NULL, NULL, NULL, 94.9834, 0.0444),
    ('4314902', 'multa', 2130, 2015, '2015-02-21', NULL, '1.2201', '3901.90.30', 76.4, 0.1676, NULL, NULL),
    ('3146206', 'multa', 2407, 2020, '2021-09-10', NULL, NULL, '2917.11.20', 137.73, 0.1085, NULL, NULL),
    ('2919306', 'multa', 3177, 2017, '2017-07-16', '2018-05-03', NULL, '8001.20.00', 310.52, 0.1857, NULL, NULL),
    ('4314902', 'multa', 427, 2022, '2019-06-27', '2024-07-02', NULL, '8413.60.11', 87.16, 0.1599, NULL, NULL),
    ('3505906', 'multa', 3726, 2024, '2017-07-11', NULL, NULL, '7013.22.00', 111.87, 0.2176, NULL, NULL),
    ('32', 'multa', 639, 2025, '2025-01-14', NULL, NULL, '0303.89.6', 66.47, 0.181, NULL, NULL),
    ('42', 'multa', 2118, 2020, '2021-08-05', NULL, NULL, NULL, 51.09, 0.0634, NULL, NULL),
    ('3306305', 'multa', 1907, 2023, '2018-12-25', NULL, NULL, '6307.20.00', 91.32, 0.1847, NULL, NULL),
    ('26', 'multa', 3369, 2023, '2023-09-22', '2025-07-21', '1.1107.33.00', NULL, 219.14, 0.0485, NULL, NULL),
    ('1302603', 'if', 118, 2023, '2024-09-28', NULL, NULL, '8607.19.90', NULL, NULL, 0.6685, 0.0798),
    ('43', 'multa', 1600, 2020, '2019-02-21', NULL, '1.0401.11.19', NULL, 154.55, 0.0365, NULL, NULL),
    ('3550308', 'multa', 764, 2021, '2025-06-06', NULL, NULL, '4407.29.70', 36.68, 0.2396, NULL, NULL),
    ('3146107', 'multa', 3829, 2024, '2022-03-07', NULL, NULL, NULL, 160.1, 0.2404, NULL, NULL),
    ('3548906', 'if', 391, 2019, '2021-11-28', NULL, '1.0902.90.00', NULL, NULL, NULL, 4.5269, 0.0293),
    ('5300108', 'if', 169, 2023, '2024-07-07', NULL, NULL, NULL, NULL, NULL, 0.8638, 0.0607),
    ('5300108', 'multa', 4758, 2024, '2021-05-04', NULL, '1.0102.41.10', NULL, 63.22, 0.0912, NULL, NULL),
    ('5300108', 'multa', 172, 2024, '2016-07-06', NULL, '1.2404.1', NULL, 363.74, 0.0426, NULL, NULL),
    ('32', 'if', 743, 2024, '2024-06-06', NULL, '1.0101', NULL, NULL, NULL, 2.8021, 0.01),
    ('4106902', 'if', 4541, 2025, '2026-04-13', NULL, '1.16', NULL, NULL, NULL, 14.4795, 0.0363),
    ('29', 'multa', 788, 2016, '2018-03-08', '2020-03-17', NULL, NULL, 123.43, 0.1513, NULL, NULL),
    ('53', 'if', 4, 2021, '2024-11-27', NULL, '1.0501.19.00', '4501.90.00', NULL, NULL, 4.101, 0.0062),
    ('3146206', 'multa', 1613, 2021, '2024-10-08', NULL, '1.0403.11.90', NULL, 132.41, 0.1795, NULL, NULL),
    ('2927408', 'if', 981, 2022, '2015-11-26', NULL, '1.0903.32.00', '0802.92.00', NULL, NULL, 4.129, 0.0694),
    ('3306305', 'if', 3055, 2023, '2019-10-10', NULL, NULL, '3921.14.00', NULL, NULL, 2.7427, 0.065),
    ('4208302', 'multa', 3082, 2015, '2022-01-04', NULL, NULL, '0305.31.00', 78.21, 0.0726, NULL, NULL),
    ('24', 'if', 1453, 2026, '2018-07-27', NULL, '1.2405.13.00', '5503.20.90', NULL, NULL, 114.5337, 0.0064),
    ('42', 'if', 321, 2025, '2023-08-02', NULL, '1.1401.12.00', '5504.10.00', NULL, NULL, 1.6749, 0.0076),
    ('4106902', 'multa', 4012, 2017, '2017-10-30', NULL, NULL, NULL, 210.26, 0.1417, NULL, NULL),
    ('4208302', 'if', 290, 2025, '2023-02-03', NULL, '1.2204.30.00', '5701.10.20', NULL, NULL, 11.2254, 0.0348),
    ('3304557', 'if', 3894, 2024, '2024-12-27', NULL, NULL, NULL, NULL, NULL, 7.1369, 0.0672),
    ('42', 'multa', 4894, 2024, '2016-03-07', '2016-07-24', '1.1502.30.00', NULL, 154.37, 0.0942, NULL, NULL),
    ('26', 'multa', 3920, 2017, '2016-04-19', NULL, NULL, '8444.00.90', 267.25, 0.0114, NULL, NULL),
    ('53', 'multa', 4136, 2019, '2026-09-10', NULL, NULL, '7304.41.10', 49.25, 0.1829, NULL, NULL),
    ('26', 'multa', 1087, 2016, '2019-07-19', NULL, '1.0505.30.00', '8506.10.39', 90.93, 0.0963, NULL, NULL),
    ('53', 'multa', 4197, 2025, '2020-10-09', '2024-04-07', '1.1507', NULL, 111.93, 0.1888, NULL, NULL),
    ('32', 'if', 1789, 2023, '2016-05-15', NULL, NULL, NULL, NULL, NULL, 13.4556, 0.0633),
    ('3306305', 'if', 1305, 2022, '2018-06-26', NULL, '1.1403.22.1', NULL, NULL, NULL, 9.2617, 0.0431),
    ('3146206', 'if', 3262, 2024, '2023-02-28', NULL, '1.1404.19.00', '3907.10.91', NULL, NULL, 12.0955, 0.0109),
    ('4314902', 'multa', 4259, 2019, '2020-06-27', '2020-09-22', '1.1402.3', '2934.91.2', 175.58, 0.138, NULL, NULL),
    ('3205309', 'multa', 2823, 2023, '2017-07-03', NULL, NULL, '6101.90.90', 215.39, 0.1315, NULL, NULL),
    ('3146206', 'multa', 2669, 2021, '2015-06-15', '2016-12-08', NULL, '3822.19.40', 147.69, 0.1971, NULL, NULL),
    ('3550308', 'if', 4087, 2015, '2017-10-15', '2018-04-08', '1.2405.12.00', NULL, NULL, NULL, 1.1894, 0.0767),
    ('53', 'multa', 3185, 2024, '2025-09-24', NULL, NULL, '2827.49.19', 354.42, 0.2304, NULL, NULL),
    ('51', 'if', 878, 2015, '2021-01-05', NULL, NULL, '8414.80.38', NULL, NULL, 12.9542, 0.0514),
    ('35', 'multa', 4393, 2021, '2015-04-01', NULL, NULL, NULL, 463.0, 0.1206, NULL, NULL),
    ('4308250', 'multa', 3857, 2019, '2024-11-13', NULL, '1.1406.39.00', '8517.62.73', 183.68, 0.0118, NULL, NULL),
    ('33', 'if', 4383, 2023, '2021-09-22', NULL, NULL, '3926.90.61', NULL, NULL, 6.9245, 0.0761),
    ('3304557', 'multa', 2589, 2022, '2026-08-31', NULL, '1.2204.20.00', NULL, 674.12, 0.0861, NULL, NULL),
    ('4106902', 'if', 1846, 2020, '2016-01-09', NULL, '1.0401.12.10', '2841.50.15', NULL, NULL, 1.6035, 0.0476),
    ('4208302', 'if', 3827, 2020, '2016-05-04', NULL, '1.0502.21.30', '2933.69.19', NULL, NULL, 3.6645, 0.0433),
    ('31', 'if', 3321, 2021, '2024-06-04', '2026-10-28', NULL, NULL, NULL, NULL, 7.266, 0.0209),
    ('42', 'multa', 2767, 2022, '2016-04-27', NULL, '1.0404.10.00', '3003.39.91', 163.81, 0.1813, NULL, NULL),
    ('4205407', 'if', 3466, 2019, '2018-08-03', NULL, NULL, NULL, NULL, NULL, 0.7553, 0.0215),
    ('21', 'if', 4260, 2025, '2024-11-13', NULL, NULL, NULL, NULL, NULL, 2.2602, 0.0787),
    ('21', 'if', 1903, 2025, '2024-09-29', NULL, NULL, '8472.90.40', NULL, NULL, 3.9411, 0.0489),
    ('21', 'multa', 817, 2021, '2019-12-30', NULL, '1.0403.13', NULL, 492.63, 0.0778, NULL, NULL),
    ('3550308', 'if', 2354, 2022, '2015-02-15', NULL, '1.1805.39.00', NULL, NULL, NULL, 1.2754, 0.0396),
    ('3146107', 'if', 4556, 2017, '2016-01-01', NULL, NULL, NULL, NULL, NULL, 6.2782, 0.0599),
    ('35', 'multa', 2865, 2015, '2020-05-29', '2022-08-01', NULL, NULL, 188.54, 0.1472, NULL, NULL),
    ('5300108', 'if', 3189, 2016, '2022-09-03', NULL, NULL, NULL, NULL, NULL, 3.0437, 0.0668),
    ('3304557', 'if', 4564, 2016, '2025-01-24', NULL, NULL, '5516.33.00', NULL, NULL, 3.1952, 0.0211),
    ('3106200', 'if', 3198, 2016, '2016-08-23', NULL, '1.1403.22.21', NULL, NULL, NULL, 3.4632, 0.0514),
    ('2919306', 'multa', 4094, 2022, '2020-03-05', NULL, '1.2301.97.00', NULL, 184.29, 0.1474, NULL, NULL),
    ('42', 'if', 1539, 2016, '2023-08-07', NULL, NULL, '8704.21.30', NULL, NULL, 1.3152, 0.0628),
    ('3306305', 'if', 500, 2020, '2023-08-18', NULL, '1.2603.00.00', NULL, NULL, NULL, 1.9954, 0.0347),
    ('3550308', 'multa', 3800, 2019, '2018-01-13', '2018-04-05', '1.1801.2', '8428.39.30', 179.73, 0.1597, NULL, NULL),
    ('2919306', 'if', 2916, 2024, '2018-12-30', NULL, NULL, '4002.99.90', NULL, NULL, 1.1188, 0.0579),
    ('4205407', 'multa', 325, 2024, '2023-04-21', '2027-08-15', '1.0602.32.00', '2909.44.13', 303.81, 0.1209, NULL, NULL),
    ('28', 'multa', 2589, 2016, '2016-06-21', NULL, NULL, NULL, 367.43, 0.1862, NULL, NULL),
    ('3146107', 'if', 2937, 2020, '2020-07-30', NULL, '1.1701.11.00', NULL, NULL, NULL, 6.6101, 0.0221),
    ('33', 'multa', 3914, 2019, '2022-08-29', '2027-02-23', NULL, '2905.19.94', 316.39, 0.1815, NULL, NULL),
    ('3106200', 'multa', 977, 2026, '2017-08-30', NULL, '1.1001.50.00', '2930.90.19', 1793.12, 0.1908, NULL, NULL),
    ('32', 'multa', 1027, 2025, '2026-03-30', NULL, '1.0402.32.00', '9304.00.90', 52.56, 0.1492, NULL, NULL),
    ('51', 'multa', 376, 2023, '2018-07-18', NULL, '1.1406.12.00', '2804.30.00', 262.91, 0.2457, NULL, NULL),
    ('41', 'if', 563, 2017, '2019-09-04', NULL, NULL, NULL, NULL, NULL, 1.5421, 0.0702),
    ('3146206', 'if', 1273, 2017, '2022-06-24', NULL, '1.0504.23.00', '6804.22.11', NULL, NULL, 1.1697, 0.0028),
    ('41', 'if', 2090, 2020, '2020-05-19', NULL, NULL, NULL, NULL, NULL, 0.8179, 0.0336),
    ('3304557', 'if', 1500, 2015, '2024-10-31', '2027-08-15', '1.1706.21.00', NULL, NULL, NULL, 1.671, 0.0011),
    ('3106200', 'if', 2147, 2025, '2025-09-08', '2030-06-27', '1.0501.21.10', '8708.50.80', NULL, NULL, 2.4297, 0.0653),
    ('3205309', 'if', 116, 2016, '2022-09-16', NULL, '1.1805.1', NULL, NULL, NULL, 3.4183, 0.0698),
    ('3304557', 'multa', 2352, 2024, '2024-01-03', NULL, NULL, NULL, 3025.74, 0.023, NULL, NULL),
    ('26', 'multa', 1641, 2018, '2024-09-20', NULL, NULL, '2811.22.20', 82.17, 0.1089, NULL, NULL),
    ('4314902', 'if', 3751, 2015, '2015-09-21', '2016-09-08', NULL, '8452.90.92', NULL, NULL, 6.6611, 0.0451),
    ('3505906', 'if', 535, 2021, '2022-03-07', NULL, '1.1901.20.00', NULL, NULL, NULL, 9.2821, 0.0773),
    ('4208302', 'if', 4508, 2024, '2024-02-14', NULL, '1.0402.13.20', NULL, NULL, NULL, 4.5136, 0.0345),
    ('3146107', 'if', 1242, 2023, '2020-11-07', NULL, '1.0101.12.00', NULL, NULL, NULL, 3.1238, 0.0482),
    ('33', 'multa', 474, 2023, '2020-06-04', NULL, NULL, NULL, 292.63, 0.0403, NULL, NULL),
    ('2927408', 'multa', 3455, 2015, '2024-09-17', NULL, '1.0502.14.10', NULL, 103.23, 0.152, NULL, NULL),
    ('1302603', 'multa', 4111, 2023, '2017-07-25', NULL, '1.1411.00.00', '7306.90.20', 183.63, 0.1033, NULL, NULL),
    ('21', 'if', 4089, 2024, '2015-07-04', NULL, NULL, '8208.20.00', NULL, NULL, 2.0883, 0.0717),
    ('29', 'if', 116, 2018, '2026-12-26', NULL, '1.2302', NULL, NULL, NULL, 3.8644, 0.0134),
    ('29', 'if', 1624, 2020, '2021-12-13', NULL, '1.0504.13.00', '3003.90.47', NULL, NULL, 3.0744, 0.0302),
    ('28', 'multa', 3304, 2025, '2024-07-29', NULL, NULL, NULL, 75.67, 0.2394, NULL, NULL),
    ('3146107', 'if', 3563, 2026, '2016-12-09', NULL, '1.2404.11.00', '7207.19.00', NULL, NULL, 4.0154, 0.046),
    ('3505906', 'multa', 1859, 2017, '2021-05-27', NULL, NULL, NULL, 72.5, 0.203, NULL, NULL),
    ('26', 'if', 3983, 2020, '2024-05-31', '2024-08-18', NULL, '8534.00.5', NULL, NULL, 8.5548, 0.0584),
    ('53', 'if', 4175, 2020, '2021-07-18', '2025-04-07', NULL, '0302.51.00', NULL, NULL, 0.7874, 0.0372),
    ('4314902', 'multa', 1825, 2026, '2015-08-02', NULL, '1.0401.21.90', '2909.49.23', 91.58, 0.2497, NULL, NULL),
    ('3304557', 'multa', 2780, 2024, '2026-05-03', NULL, NULL, NULL, 202.12, 0.1672, NULL, NULL),
    ('51', 'if', 2788, 2025, '2020-02-14', NULL, '1.1703.92.00', NULL, NULL, NULL, 2.9198, 0.0112),
    ('4106902', 'if', 2045, 2015, '2023-01-26', NULL, NULL, NULL, NULL, NULL, 16.3051, 0.0056),
    ('3146107', 'if', 3119, 2023, '2016-12-11', NULL, '1.1802.50.00', '3004.90.97', NULL, NULL, 59.7516, 0.0141),
    ('28', 'if', 4060, 2019, '2020-04-11', NULL, '1.1106.4', NULL, NULL, NULL, 7.3871, 0.0302),
    ('3548906', 'if', 4761, 2022, '2021-11-30', NULL, '1.0401.17', NULL, NULL, NULL, 1.9104, 0.0569),
    ('33', 'if', 1198, 2019, '2017-06-09', NULL, '1.0103.4', NULL, NULL, NULL, 37.4326, 0.0504),
    ('4106902', 'multa', 2769, 2019, '2021-05-27', NULL, '1.0403.21', '2844.43.30', 108.52, 0.1922, NULL, NULL),
    ('3106200', 'if', 483, 2024, '2017-10-28', NULL, NULL, NULL, NULL, NULL, 3.1997, 0.0617),
    ('42', 'if', 1383, 2022, '2020-10-03', '2025-03-02', '1.2301.11.00', '0305.72.00', NULL, NULL, 0.8699, 0.0347),
    ('3146206', 'multa', 40, 2024, '2025-02-18', NULL, NULL, '4406.91.00', 297.58, 0.2205, NULL, NULL),
    ('3304557', 'multa', 329, 2022, '2019-04-12', NULL, '1.2406', '3003.20.41', 83.2, 0.1629, NULL, NULL),
    ('29', 'if', 2274, 2018, '2026-07-20', NULL, NULL, '1901.90.90', NULL, NULL, 8.4473, 0.0506),
    ('3106200', 'if', 3139, 2015, '2018-04-03', NULL, '1.2504.2', '2711.21.00', NULL, NULL, 7.653, 0.0489),
    ('4314902', 'if', 4866, 2023, '2023-06-20', NULL, NULL, NULL, NULL, NULL, 3.2371, 0.0435),
    ('53', 'multa', 718, 2023, '2025-03-22', '2028-10-20', NULL, '2904.20.10', 3348.47, 0.1522, NULL, NULL),
    ('4106902', 'multa', 944, 2026, '2016-02-21', NULL, '1.0501.14.30', '2830.10.10', 189.34, 0.0577, NULL, NULL),
    ('13', 'multa', 2120, 2021, '2026-04-23', NULL, '1.1404.1', NULL, 172.11, 0.0986, NULL, NULL),
    ('53', 'if', 2022, 2024, '2018-02-20', NULL, '1.1413.00.00', NULL, NULL, NULL, 22.5813, 0.0563),
    ('26', 'if', 1378, 2018, '2023-06-03', NULL, '1.0502.32.20', NULL, NULL, NULL, 1.2254, 0.0479),
    ('51', 'if', 4162, 2020, '2022-03-25', NULL, NULL, '8429.52.20', NULL, NULL, 72.1806, 0.0078),
    ('3548906', 'if', 146, 2020, '2015-06-30', NULL, NULL, NULL, NULL, NULL, 1.8555, 0.0308),
    ('13', 'if', 4266, 2019, '2026-12-29', NULL, NULL, '8414.80.33', NULL, NULL, 2.8828, 0.0782),
    ('42', 'if', 242, 2017, '2024-02-07', NULL, '1.0501.14.20', '9032.89.90', NULL, NULL, 4.7886, 0.0398),
    ('3501905', 'multa', 1510, 2017, '2023-07-13', '2025-09-29', '1.0901.34.00', NULL, 87.16, 0.0606, NULL, NULL),
    ('13', 'multa', 4972, 2016, '2017-03-25', '2019-12-13', '1.1701.11.00', '0210.11.00', 153.26, 0.2306, NULL, NULL),
    ('4308250', 'if', 732, 2023, '2019-05-10', NULL, NULL, '0305.20.90', NULL, NULL, 61.8169, 0.0022),
    ('42', 'if', 1934, 2025, '2026-07-03', NULL, NULL, '2941.30.10', NULL, NULL, 4.575, 0.0279),
    ('26', 'multa', 4083, 2015, '2022-09-08', NULL, NULL, NULL, 53.06, 0.2162, NULL, NULL),
    ('4208302', 'if', 4944, 2023, '2024-10-14', NULL, '1.1106.36', '3204.18.30', NULL, NULL, 5.5152, 0.011),
    ('3205309', 'multa', 4080, 2018, '2015-09-12', '2020-02-02', '1.0903.22.00', NULL, 49.64, 0.1631, NULL, NULL),
    ('29', 'if', 4989, 2024, '2022-12-14', '2026-11-10', NULL, NULL, NULL, NULL, 1.9287, 0.0076),
    ('32', 'if', 784, 2023, '2021-04-29', NULL, NULL, '8708.30.11', NULL, NULL, 1.1404, 0.016),
    ('26', 'multa', 3506, 2017, '2024-10-16', NULL, NULL, NULL, 118.11, 0.017, NULL, NULL),
    ('29', 'if', 367, 2022, '2020-09-16', NULL, '1.0105.90.00', NULL, NULL, NULL, 6.3346, 0.0331),
    ('24', 'multa', 1850, 2016, '2015-12-05', NULL, '1.2304.1', NULL, 283.83, 0.1676, NULL, NULL),
    ('28', 'if', 4796, 2022, '2015-10-03', '2016-09-22', NULL, NULL, NULL, NULL, 1.4373, 0.033),
    ('3501905', 'if', 4503, 2022, '2023-07-08', NULL, NULL, '3808.93.51', NULL, NULL, 3.2586, 0.0549),
    ('3505906', 'if', 4932, 2017, '2018-11-17', NULL, NULL, '1904.20.00', NULL, NULL, 3.4738, 0.0726),
    ('33', 'if', 2349, 2026, '2023-01-18', NULL, '1.1401.15.00', NULL, NULL, NULL, 10.1293, 0.0734),
    ('3106200', 'if', 3463, 2019, '2016-05-06', NULL, NULL, '0302.83.10', NULL, NULL, 50.3804, 0.031),
    ('13', 'multa', 799, 2026, '2024-08-30', NULL, NULL, NULL, 411.45, 0.0826, NULL, NULL),
    ('35', 'multa', 701, 2021, '2022-02-28', NULL, '1.2301.13.00', '3003.90.56', 245.96, 0.2207, NULL, NULL),
    ('2919306', 'multa', 4296, 2018, '2017-12-04', '2022-03-25', '1.2301.91.00', '9503.00.50', 222.66, 0.0924, NULL, NULL),
    ('3550308', 'multa', 2330, 2023, '2021-12-31', '2028-01-10', '1.0502.14.20', NULL, 609.83, 0.0336, NULL, NULL),
    ('5300108', 'multa', 160, 2023, '2025-04-20', NULL, NULL, '2306.10.00', 121.56, 0.1711, NULL, NULL),
    ('26', 'if', 2674, 2023, '2019-01-26', NULL, '1.0504.11.00', '2908.19.19', NULL, NULL, 28.2469, 0.0032),
    ('21', 'multa', 2771, 2018, '2020-04-25', '2024-01-05', NULL, NULL, 52.67, 0.0577, NULL, NULL),
    ('33', 'multa', 584, 2023, '2018-02-08', '2018-10-14', NULL, NULL, 143.5, 0.2247, NULL, NULL),
    ('53', 'multa', 1903, 2025, '2017-10-08', NULL, '1.1501.20.00', '2917.39.20', 208.96, 0.0456, NULL, NULL),
    ('1302603', 'multa', 2470, 2023, '2022-02-25', NULL, NULL, NULL, 43.96, 0.109, NULL, NULL),
    ('33', 'if', 755, 2015, '2018-12-08', NULL, NULL, NULL, NULL, NULL, 3.8571, 0.0011),
    ('26', 'multa', 3057, 2019, '2023-12-11', NULL, '1.1107.20.00', NULL, 193.32, 0.1511, NULL, NULL),
    ('3205309', 'if', 3486, 2017, '2020-04-30', NULL, NULL, NULL, NULL, NULL, 10.5558, 0.0694),
    ('31', 'if', 1005, 2024, '2016-01-12', NULL, '1.0501.25.00', NULL, NULL, NULL, 3.4227, 0.0525),
    ('2919306', 'if', 2473, 2019, '2024-08-30', NULL, NULL, NULL, NULL, NULL, 4.469, 0.0418),
    ('3501905', 'multa', 1313, 2022, '2019-02-24', NULL, NULL, NULL, 195.03, 0.076, NULL, NULL),
    ('3146107', 'if', 1568, 2021, '2015-11-27', NULL, NULL, NULL, NULL, NULL, 1.3901, 0.0308),
    ('3304557', 'multa', 411, 2026, '2018-06-27', NULL, '1.1402.21.00', '9024.80.11', 265.62, 0.1981, NULL, NULL),
    ('4308250', 'multa', 4621, 2017, '2024-02-25', NULL, NULL, NULL, 567.38, 0.1977, NULL, NULL),
    ('32', 'multa', 2638, 2023, '2023-08-20', NULL, '1.0906.11.00', '2912.60.00', 224.8, 0.2344, NULL, NULL),
    ('3106200', 'if', 1752, 2021, '2026-06-12', NULL, '1.1414.00.00', NULL, NULL, NULL, 0.9544, 0.0095),
    ('4205407', 'if', 1121, 2018, '2020-09-27', NULL, NULL, '0210.99.30', NULL, NULL, 2.6168, 0.0201),
    ('43', 'if', 4745, 2017, '2018-11-26', NULL, NULL, NULL, NULL, NULL, 1.8893, 0.0488),
    ('1302603', 'if', 2428, 2024, '2016-05-19', NULL, NULL, '1208.10.00', NULL, NULL, 5.753, 0.0384),
    ('29', 'if', 2529, 2016, '2016-06-27', '2021-12-03', '1.0502.12.10', '3103.90.11', NULL, NULL, 5.181, 0.0621),
    ('3505906', 'multa', 3732, 2025, '2021-01-06', NULL, '1.2001.34.20', '0309.10.00', 39.36, 0.186, NULL, NULL),
    ('3550308', 'multa', 2449, 2017, '2026-03-27', NULL, '1.1703.22.00', NULL, 229.13, 0.2317, NULL, NULL),
    ('3106200', 'multa', 4872, 2025, '2018-01-31', NULL, '1.1103', '2922.41.90', 5618.1, 0.0211, NULL, NULL),
    ('31', 'if', 3814, 2017, '2018-07-12', NULL, '1.1104.10.00', '2934.30.20', NULL, NULL, 3.0217, 0.0505),
    ('31', 'if', 3444, 2017, '2017-05-16', NULL, NULL, NULL, NULL, NULL, 94.6521, 0.047),
    ('3304557', 'if', 4085, 2025, '2025-09-13', NULL, NULL, NULL, NULL, NULL, 1.724, 0.0766),
    ('26', 'if', 4202, 2020, '2018-09-04', NULL, '1.1701.31.00', '4301.10.00', NULL, NULL, 2.2426, 0.0162),
    ('3146107', 'if', 2119, 2015, '2025-03-09', NULL, '1.22', NULL, NULL, NULL, 4.1913, 0.0291),
    ('4308250', 'if', 1867, 2025, '2018-10-06', NULL, '1.0401.2', '8504.40.21', NULL, NULL, 9.0596, 0.0752),
    ('51', 'if', 1829, 2016, '2021-06-09', NULL, '1.1901.10.00', '8547.20.90', NULL, NULL, 0.5298, 0.0358),
    ('3205309', 'if', 4978, 2022, '2019-10-24', NULL, '1.1103.3', '2933.69.16', NULL, NULL, 10.9503, 0.0721),
    ('13', 'if', 2509, 2019, '2019-06-19', NULL, NULL, NULL, NULL, NULL, 13.7938, 0.0583),
    ('32', 'if', 2429, 2017, '2024-12-15', NULL, '1.1302.11.00', '2837.20.12', NULL, NULL, 2.8077, 0.0763),
    ('13', 'multa', 4575, 2024, '2015-12-10', '2022-09-26', NULL, '8705.40.00', 67.33, 0.2353, NULL, NULL),
    ('3550308', 'multa', 2336, 2020, '2026-03-15', NULL, NULL, NULL, 26.67, 0.1921, NULL, NULL),
    ('3304557', 'if', 2175, 2015, '2019-09-24', NULL, NULL, '7108.11.00', NULL, NULL, 4.4525, 0.0361),
    ('3205309', 'if', 1587, 2024, '2018-10-01', NULL, '1.0501.14.51', '2934.91.11', NULL, NULL, 3.2148, 0.0655),
    ('28', 'multa', 2002, 2020, '2025-08-29', NULL, '1.1507.20.00', '7506.20.00', 166.43, 0.2013, NULL, NULL),
    ('4205407', 'if', 3025, 2026, '2024-06-12', NULL, '1.0502.31.20', NULL, NULL, NULL, 2.8925, 0.0057),
    ('3304557', 'if', 93, 2021, '2026-02-10', NULL, NULL, NULL, NULL, NULL, 1.0425, 0.0175),
    ('3501905', 'multa', 1776, 2026, '2019-07-30', NULL, NULL, '7219.32.00', 367.06, 0.0491, NULL, NULL),
    ('4106902', 'if', 1939, 2022, '2018-11-24', NULL, '1.2503', '3004.90.51', NULL, NULL, 4.7047, 0.065),
    ('3304557', 'multa', 483, 2026, '2016-08-22', NULL, '1.2002.10.00', NULL, 253.33, 0.0224, NULL, NULL),
    ('43', 'if', 4411, 2023, '2016-04-18', NULL, '1.0402.3', '0303.41.00', NULL, NULL, 1.3033, 0.0405),
    ('3505906', 'if', 1379, 2023, '2021-07-22', '2027-10-26', NULL, '3920.62.9', NULL, NULL, 1.386, 0.0369),
    ('4208302', 'if', 220, 2020, '2026-09-17', '2027-06-28', NULL, NULL, NULL, NULL, 36.1016, 0.0686),
    ('4314902', 'multa', 1106, 2026, '2020-03-18', NULL, '1.1803.22.00', NULL, 144.36, 0.1616, NULL, NULL),
    ('4314902', 'multa', 199, 2021, '2016-11-06', NULL, NULL, NULL, 203.38, 0.2173, NULL, NULL),
    ('24', 'multa', 3331, 2019, '2026-03-08', NULL, '1.0502.12.10', '6909.12.10', 125.1, 0.2493, NULL, NULL),
    ('13', 'multa', 1082, 2019, '2021-01-25', NULL, NULL, '2931.90.41', 174.81, 0.0947, NULL, NULL),
    ('24', 'if', 617, 2020, '2020-02-28', NULL, NULL, '2103.90.2', NULL, NULL, 15.5248, 0.0113),
    ('4106902', 'if', 1387, 2023, '2020-06-15', NULL, '1.0403.11', '2845.10.00', NULL, NULL, 3.0926, 0.024),
    ('24', 'if', 4998, 2020, '2025-06-03', NULL, NULL, '2939.69.21', NULL, NULL, 1.9153, 0.0461),
    ('4205407', 'if', 3565, 2015, '2026-03-16', NULL, NULL, '8506.60.10', NULL, NULL, 11.6157, 0.0048),
    ('13', 'if', 158, 2019, '2018-05-09', NULL, '1.0901.51.25', '2916.19.11', NULL, NULL, 4.0015, 0.0427),
    ('5300108', 'if', 3979, 2017, '2016-06-18', NULL, '1.1806.51.00', '5601.30.90', NULL, NULL, 2.5393, 0.0015),
    ('3304557', 'multa', 1708, 2016, '2016-08-22', NULL, NULL, '3923.50.00', 220.85, 0.2485, NULL, NULL),
    ('51', 'multa', 4716, 2025, '2025-02-22', NULL, NULL, NULL, 222.18, 0.2299, NULL, NULL),
    ('28', 'if', 483, 2021, '2026-01-02', NULL, '1.0403.31.00', NULL, NULL, NULL, 3.3636, 0.0622),
    ('53', 'multa', 3547, 2024, '2019-01-28', NULL, '1.1706', NULL, 288.3, 0.0143, NULL, NULL),
    ('13', 'multa', 2661, 2019, '2025-12-18', NULL, '1.1401.31.00', '9030.40.20', 75.74, 0.1839, NULL, NULL),
    ('3106200', 'if', 3622, 2019, '2016-03-15', NULL, NULL, '2918.99.2', NULL, NULL, 0.495, 0.0292),
    ('51', 'multa', 3982, 2021, '2019-11-21', NULL, NULL, '2843.90.11', 301.72, 0.0679, NULL, NULL),
    ('3106200', 'multa', 4822, 2025, '2019-02-24', NULL, NULL, NULL, 224.28, 0.1281, NULL, NULL),
    ('29', 'if', 4527, 2023, '2017-05-26', '2017-12-19', NULL, '4410.19.1', NULL, NULL, 197.9802, 0.0082),
    ('33', 'multa', 1713, 2015, '2019-02-25', '2022-10-30', NULL, NULL, 114.16, 0.2129, NULL, NULL),
    ('3548906', 'if', 1937, 2018, '2015-07-27', NULL, NULL, NULL, NULL, NULL, 3.5603, 0.0345),
    ('3550308', 'multa', 4332, 2026, '2021-10-25', NULL, NULL, NULL, 130.3, 0.1246, NULL, NULL),
    ('32', 'multa', 4407, 2015, '2015-08-13', NULL, '1.2003.21.90', NULL, 1972.4, 0.1271, NULL, NULL),
    ('4308250', 'multa', 777, 2020, '2015-02-22', NULL, '1.0902.40.00', '7505.11.2', 90.8, 0.0251, NULL, NULL),
    ('3548906', 'if', 1276, 2017, '2024-01-18', NULL, NULL, '3204.11.00', NULL, NULL, 2.7362, 0.0554),
    ('28', 'if', 4583, 2018, '2022-11-05', NULL, NULL, '8501.10.21', NULL, NULL, 4.0992, 0.0655),
    ('3304557', 'if', 3128, 2019, '2021-03-05', NULL, NULL, '9015.10.00', NULL, NULL, 2.3427, 0.0113),
    ('32', 'if', 198, 2024, '2024-07-25', NULL, '1.0401.15', '2922.49.59', NULL, NULL, 9.2367, 0.0462),
    ('3146107', 'if', 2243, 2018, '2021-09-17', NULL, NULL, '8461.50.20', NULL, NULL, 9.1427, 0.0089),
    ('31', 'multa', 3569, 2022, '2019-05-22', '2022-12-04', '1.1202', '3004.20.92', 91.03, 0.2001, NULL, NULL),
    ('4208302', 'if', 21, 2020, '2025-10-03', NULL, NULL, '4802.56.93', NULL, NULL, 1.2445, 0.0316),
    ('3205309', 'multa', 2061, 2017, '2026-10-21', '2026-12-29', '1.1401.14.00', NULL, 341.05, 0.0801, NULL, NULL),
    ('3501905', 'multa', 3175, 2024, '2026-08-25', NULL, '1.0901.52.30', '5703.39.00', 251.41, 0.0478, NULL, NULL),
    ('3146107', 'multa', 3799, 2016, '2018-08-16', NULL, '1.0502.13', NULL, 125.8, 0.1133, NULL, NULL),
    ('41', 'if', 4522, 2023, '2018-04-26', NULL, NULL, '5514.49.00', NULL, NULL, 75.2575, 0.0108),
    ('4106902', 'multa', 2907, 2016, '2016-01-30', NULL, '1.10', '3507.90.2', 30.2, 0.2019, NULL, NULL),
    ('3304557', 'multa', 2432, 2024, '2020-08-28', NULL, NULL, '3921.90.20', 130.19, 0.1782, NULL, NULL),
    ('53', 'multa', 4264, 2015, '2017-04-13', NULL, '1.0609.00.00', '8467.29.99', 268.83, 0.1291, NULL, NULL),
    ('3306305', 'multa', 527, 2016, '2021-05-14', NULL, NULL, NULL, 46.67, 0.2035, NULL, NULL),
    ('21', 'multa', 49, 2023, '2019-03-22', NULL, NULL, NULL, 26.47, 0.1441, NULL, NULL),
    ('1302603', 'multa', 4410, 2026, '2024-04-04', NULL, '1.1405.11.00', NULL, 312.07, 0.0308, NULL, NULL),
    ('4208302', 'if', 1364, 2025, '2021-10-28', NULL, NULL, '8432.31.90', NULL, NULL, 4.1885, 0.0278),
    ('26', 'multa', 3586, 2018, '2020-03-20', NULL, '1.0901.32.00', NULL, 332.67, 0.2465, NULL, NULL),
    ('3205309', 'if', 4948, 2025, '2015-04-25', NULL, '1.1201.12.00', '8482.50.90', NULL, NULL, 0.4559, 0.0396),
    ('4106902', 'if', 547, 2026, '2017-08-24', NULL, NULL, '2905.31.00', NULL, NULL, 5.3114, 0.0469),
    ('33', 'multa', 86, 2015, '2025-03-16', NULL, NULL, '5211.42.90', 48.26, 0.2396, NULL, NULL),
    ('3106200', 'if', 68, 2019, '2015-09-16', NULL, NULL, NULL, NULL, NULL, 2.7783, 0.0154),
    ('33', 'if', 1047, 2025, '2021-09-05', NULL, NULL, '1701.13.00', NULL, NULL, 1.3107, 0.0244),
    ('2919306', 'if', 1838, 2015, '2016-12-11', NULL, '1.1406.11.00', '2812.15.00', NULL, NULL, 21.0244, 0.0099),
    ('3106200', 'multa', 2541, 2017, '2018-10-18', NULL, NULL, '3825.20.00', 259.98, 0.1321, NULL, NULL),
    ('29', 'multa', 1688, 2015, '2018-11-11', NULL, '1.1805.62.00', '2922.19.31', 64.1, 0.2462, NULL, NULL),
    ('4314902', 'multa', 4918, 2017, '2015-03-06', NULL, NULL, NULL, 106.75, 0.0335, NULL, NULL),
    ('3306305', 'if', 604, 2015, '2025-12-30', NULL, '1.2404.19.00', NULL, NULL, NULL, 6.5206, 0.0117),
    ('24', 'multa', 930, 2025, '2025-05-13', NULL, '1.2304.11.00', '5704.10.00', 847.22, 0.026, NULL, NULL),
    ('2919306', 'multa', 498, 2024, '2018-05-10', NULL, '1.1105.60.00', '1603.00.00', 90.28, 0.2086, NULL, NULL),
    ('2927408', 'multa', 932, 2024, '2015-12-31', NULL, NULL, '7202.91.00', 3690.83, 0.0953, NULL, NULL),
    ('3106200', 'multa', 387, 2018, '2025-07-21', NULL, NULL, NULL, 102.13, 0.1415, NULL, NULL),
    ('2927408', 'if', 4630, 2024, '2022-09-20', NULL, '1.0901.52.40', NULL, NULL, NULL, 0.8577, 0.0321),
    ('2927408', 'if', 4779, 2026, '2024-05-18', NULL, '1.0106', NULL, NULL, NULL, 3.9481, 0.0498),
    ('3505906', 'if', 2970, 2021, '2018-01-16', NULL, '1.1401.13.00', NULL, NULL, NULL, 43.9256, 0.0176),
    ('51', 'multa', 3746, 2019, '2026-07-30', NULL, '1.1507', NULL, 69.57, 0.2309, NULL, NULL),
    ('3548906', 'if', 4946, 2022, '2017-06-03', '2018-02-28', '1.1701.40.00', '0301.11.10', NULL, NULL, 4.4589, 0.0084),
    ('35', 'if', 1243, 2023, '2022-12-08', NULL, NULL, NULL, NULL, NULL, 4.5785, 0.0148),
    ('2927408', 'if', 3696, 2021, '2025-11-22', NULL, '1.2504.22.00', NULL, NULL, NULL, 14.6432, 0.0603),
    ('3501905', 'if', 803, 2019, '2021-10-27', NULL, NULL, '1103.20.00', NULL, NULL, 6.6553, 0.0141),
    ('43', 'multa', 3730, 2022, '2026-03-31', NULL, NULL, '2931.90.4', 135.76, 0.1229, NULL, NULL),
    ('31', 'if', 2144, 2023, '2025-06-08', NULL, NULL, NULL, NULL, NULL, 1.2288, 0.0463),
    ('32', 'multa', 1227, 2026, '2016-08-16', NULL, NULL, NULL, 137.67, 0.073, NULL, NULL),
    ('4106902', 'if', 1323, 2024, '2023-05-15', NULL, '1.0802.10.00', '8535.40.10', NULL, NULL, 30.6514, 0.0668),
    ('4314902', 'if', 3994, 2026, '2016-09-23', NULL, '1.1805.32.00', '5202.91.00', NULL, NULL, 13.7133, 0.0054),
    ('35', 'multa', 267, 2023, '2016-03-09', NULL, '1.1405', '2909.60.11', 121.35, 0.034, NULL, NULL),
    ('35', 'multa', 1070, 2017, '2017-03-26', '2022-10-21', '1.0402.14.00', NULL, 88.78, 0.1993, NULL, NULL),
    ('21', 'multa', 4859, 2016, '2026-10-17', NULL, '1.16', NULL, 82.0, 0.1307, NULL, NULL),
    ('3106200', 'if', 3377, 2016, '2016-08-15', NULL, '1.0403.13', '2934.91.11', NULL, NULL, 99.8805, 0.007),
    ('13', 'if', 258, 2015, '2026-06-16', NULL, '1.1102.60.00', NULL, NULL, NULL, 2.1112, 0.079),
    ('53', 'multa', 2367, 2022, '2023-01-29', NULL, '1.0106.12.00', '8512.10.00', 4045.41, 0.1802, NULL, NULL),
    ('29', 'multa', 2439, 2022, '2025-12-15', '2029-06-05', '1.2301.12.00', NULL, 128.15, 0.2402, NULL, NULL),
    ('32', 'multa', 2354, 2025, '2026-03-17', NULL, '1.1901.10.00', NULL, 280.58, 0.0369, NULL, NULL),
    ('24', 'multa', 1109, 2017, '2016-06-11', NULL, NULL, '6213.20.00', 41.51, 0.1026, NULL, NULL),
    ('29', 'multa', 756, 2020, '2016-12-12', NULL, '1.1106.4', '5209.21.00', 59.2, 0.1888, NULL, NULL),
    ('13', 'if', 2974, 2016, '2018-09-11', NULL, '1.1704', NULL, NULL, NULL, 2.2544, 0.0473),
    ('3146107', 'if', 1781, 2025, '2015-07-18', NULL, NULL, NULL, NULL, NULL, 2.4385, 0.0671),
    ('1302603', 'if', 562, 2015, '2025-01-02', '2031-09-03', '1.2001.40.00', '3701.30.90', NULL, NULL, 1.8802, 0.037),
    ('5300108', 'if', 3160, 2020, '2025-10-23', NULL, '1.0608', '3006.30.18', NULL, NULL, 4.4028, 0.045),
    ('3550308', 'if', 1795, 2017, '2020-05-17', NULL, '1.1401.29.00', NULL, NULL, NULL, 15.3039, 0.032),
    ('3505906', 'multa', 1600, 2021, '2018-09-17', NULL, '1.1302.23.00', NULL, 291.97, 0.2012, NULL, NULL),
    ('13', 'multa', 2805, 2023, '2019-07-23', NULL, NULL, '0302.89.36', 86.41, 0.0959, NULL, NULL),
    ('32', 'multa', 2199, 2017, '2017-02-28', NULL, NULL, '0805.29.00', 6539.06, 0.2022, NULL, NULL),
    ('4208302', 'multa', 1381, 2022, '2017-11-15', '2019-04-16', NULL, NULL, 155.53, 0.0724, NULL, NULL),
    ('26', 'if', 3508, 2019, '2015-01-29', NULL, NULL, NULL, NULL, NULL, 3.6412, 0.0626),
    ('3550308', 'multa', 28, 2020, '2025-02-20', NULL, '1.0101.29.00', NULL, 457.69, 0.154, NULL, NULL),
    ('3106200', 'if', 3303, 2023, '2016-01-28', NULL, NULL, '3301.90.40', NULL, NULL, 17.2618, 0.0084),
    ('24', 'multa', 3568, 2020, '2016-12-24', '2018-06-05', NULL, '6104.49.00', 104.07, 0.0853, NULL, NULL),
    ('3306305', 'if', 2729, 2019, '2019-08-10', NULL, '1.0904.22.00', '9506.32.00', NULL, NULL, 5.8831, 0.0087),
    ('42', 'multa', 4020, 2023, '2018-12-17', NULL, '1.1703.31.00', '2904.34.00', 29.64, 0.2237, NULL, NULL),
    ('28', 'multa', 4903, 2017, '2026-05-27', NULL, '1.1409.30.00', NULL, 114.87, 0.0482, NULL, NULL),
    ('4208302', 'if', 25, 2016, '2018-12-04', NULL, '1.2301.94.00', NULL, NULL, NULL, 20.579, 0.0498),
    ('5300108', 'if', 4031, 2026, '2017-05-29', NULL, '1.1103.23.00', '3402.90.11', NULL, NULL, 6.6567, 0.0738),
    ('32', 'if', 3729, 2018, '2019-07-01', NULL, NULL, '5509.22.00', NULL, NULL, 2.9375, 0.0797),
    ('3146206', 'if', 4303, 2021, '2016-10-01', NULL, '1.1806.70.00', '0805.10.00', NULL, NULL, 1.3769, 0.0347),
    ('3550308', 'if', 3457, 2022, '2022-02-06', NULL, '1.1402.3', NULL, NULL, NULL, 4.1963, 0.0279),
    ('3304557', 'multa', 3807, 2017, '2018-02-09', NULL, '1.1106.34.00', NULL, 217.44, 0.2412, NULL, NULL),
    ('4205407', 'multa', 2955, 2020, '2025-09-10', NULL, NULL, '3003.90.78', 87.49, 0.1113, NULL, NULL),
    ('21', 'if', 2431, 2021, '2026-07-14', NULL, '1.1403.24.00', '8406.90.29', NULL, NULL, 33.1399, 0.0779),
    ('4106902', 'if', 4620, 2023, '2026-04-12', NULL, NULL, '3405.90.00', NULL, NULL, 0.5227, 0.023),
    ('3205309', 'if', 650, 2026, '2023-04-04', NULL, '1.0501.12.10', '3402.39.30', NULL, NULL, 9.3584, 0.0314),
    ('35', 'multa', 3994, 2022, '2017-11-29', NULL, NULL, NULL, 95.81, 0.0495, NULL, NULL),
    ('4208302', 'if', 4737, 2017, '2022-11-15', NULL, NULL, NULL, NULL, NULL, 3.33, 0.0463),
    ('4308250', 'multa', 3683, 2024, '2019-08-08', '2024-04-18', NULL, '2933.99.45', 104.81, 0.2425, NULL, NULL),
    ('4308250', 'multa', 1022, 2022, '2015-12-27', NULL, '1.0904.39.00', '3301.29.15', 156.31, 0.2017, NULL, NULL),
    ('35', 'multa', 4947, 2026, '2018-01-11', NULL, NULL, NULL, 45.74, 0.2332, NULL, NULL),
    ('3146107', 'if', 3533, 2016, '2020-07-16', NULL, '1.2403.31.00', '5510.90.11', NULL, NULL, 1.2177, 0.0755),
    ('3304557', 'if', 2766, 2020, '2025-06-23', NULL, '1.0502.14.90', '3701.30.50', NULL, NULL, 5.2486, 0.0201),
    ('3501905', 'multa', 4950, 2018, '2024-12-03', NULL, NULL, NULL, 86.66, 0.1439, NULL, NULL),
    ('53', 'multa', 837, 2015, '2026-01-27', '2031-03-18', NULL, '9026.80.00', 119.8, 0.1597, NULL, NULL),
    ('24', 'multa', 3742, 2021, '2018-10-12', NULL, NULL, NULL, 2889.64, 0.2484, NULL, NULL),
    ('4106902', 'if', 635, 2018, '2024-08-05', NULL, NULL, '4009.11.00', NULL, NULL, 5.1074, 0.0526),
    ('2919306', 'multa', 2712, 2016, '2015-04-05', '2017-09-04', NULL, '8607.11.20', 51.85, 0.1307, NULL, NULL),
    ('13', 'if', 4207, 2021, '2016-06-28', '2018-12-15', NULL, '5608.90.00', NULL, NULL, 2.5393, 0.0417),
    ('32', 'if', 2266, 2015, '2022-04-29', NULL, NULL, '0208.40.00', NULL, NULL, 2.3827, 0.0102),
    ('4205407', 'multa', 759, 2022, '2016-08-08', '2021-12-09', NULL, '8443.99.12', 212.8, 0.2215, NULL, NULL),
    ('4314902', 'if', 4092, 2016, '2019-04-19', '2021-06-28', '1.1902.10.00', '7411.22.90', NULL, NULL, 11.4968, 0.0343),
    ('3106200', 'multa', 1527, 2024, '2019-08-26', NULL, '1.0901.52.30', '2939.11.81', 49.1, 0.1902, NULL, NULL),
    ('21', 'if', 330, 2018, '2020-09-14', '2022-06-01', NULL, NULL, NULL, NULL, 1.9205, 0.003),
    ('3548906', 'multa', 757, 2017, '2024-08-09', NULL, NULL, '8607.11.10', 3093.82, 0.0966, NULL, NULL),
    ('3550308', 'multa', 1187, 2021, '2016-07-10', NULL, '1.2502.10.00', NULL, 152.51, 0.1513, NULL, NULL),
    ('28', 'if', 1969, 2015, '2025-07-06', NULL, '1.0502.23.10', NULL, NULL, NULL, 18.4036, 0.0093),
    ('32', 'if', 1513, 2021, '2026-12-02', '2030-04-13', '1.0501.1', NULL, NULL, NULL, 3.565, 0.0443),
    ('4106902', 'multa', 2266, 2026, '2024-10-31', NULL, '1.0102.52', NULL, 471.33, 0.0187, NULL, NULL),
    ('3146107', 'if', 2352, 2016, '2021-07-09', '2024-03-21', '1.1303', '2934.91.33', NULL, NULL, 3.1784, 0.0433),
    ('2919306', 'if', 3979, 2015, '2026-03-31', NULL, NULL, '4202.91.00', NULL, NULL, 4.0881, 0.0167),
    ('26', 'multa', 3220, 2025, '2016-01-06', NULL, NULL, NULL, 282.8, 0.0471, NULL, NULL),
    ('3306305', 'multa', 3432, 2017, '2025-07-04', NULL, '1.0403.21', '8409.91.40', 253.44, 0.0343, NULL, NULL),
    ('2919306', 'multa', 4623, 2015, '2019-02-01', NULL, NULL, NULL, 192.74, 0.0305, NULL, NULL),
    ('32', 'multa', 4657, 2019, '2022-09-15', NULL, '1.1406.39.00', NULL, 286.47, 0.0513, NULL, NULL),
    ('3550308', 'multa', 3800, 2026, '2021-06-04', NULL, '1.1303.20.00', '2909.49.50', 193.86, 0.2354, NULL, NULL),
    ('5300108', 'multa', 4239, 2016, '2017-02-17', NULL, NULL, NULL, 125.27, 0.161, NULL, NULL),
    ('3306305', 'if', 4664, 2021, '2026-08-18', NULL, '1.1103.22.00', NULL, NULL, NULL, 4.1398, 0.0747),
    ('42', 'multa', 2106, 2019, '2015-04-10', NULL, NULL, '8480.71.00', 637.2, 0.0333, NULL, NULL),
    ('4308250', 'if', 4800, 2015, '2022-01-03', '2023-06-07', '1.0102.41.10', '8708.95.22', NULL, NULL, 3.2781, 0.0354),
    ('29', 'if', 1260, 2024, '2015-01-12', NULL, '1.1401.1', '2930.20.21', NULL, NULL, 3.8714, 0.0512),
    ('3146206', 'multa', 1174, 2026, '2017-04-06', NULL, NULL, '8105.90.90', 119.97, 0.1568, NULL, NULL),
    ('2927408', 'if', 3734, 2017, '2020-03-02', NULL, NULL, '9021.29.00', NULL, NULL, 3.3223, 0.0159),
    ('4106902', 'if', 1946, 2021, '2019-06-02', NULL, '1.2402', '8522.90.00', NULL, NULL, 7.2824, 0.0712),
    ('29', 'multa', 2361, 2020, '2018-11-20', NULL, '1.0506.00.00', NULL, 104.56, 0.0922, NULL, NULL),
    ('4208302', 'multa', 1123, 2019, '2025-09-14', NULL, '1.0103', NULL, 173.38, 0.2287, NULL, NULL),
    ('35', 'multa', 680, 2017, '2025-06-11', NULL, NULL, NULL, 79.29, 0.1799, NULL, NULL),
    ('3146107', 'if', 2226, 2015, '2017-03-09', NULL, '1.0107.20.00', NULL, NULL, NULL, 2.3017, 0.0778),
    ('35', 'if', 332, 2015, '2015-08-15', '2017-12-19', '1.2001.3', '9021.10.9', NULL, NULL, 2.4079, 0.0796),
    ('4208302', 'multa', 4281, 2018, '2016-09-29', NULL, NULL, '2914.22.10', 204.17, 0.119, NULL, NULL),
    ('2927408', 'multa', 1737, 2024, '2019-03-19', '2023-11-30', NULL, NULL, 41.1, 0.0319, NULL, NULL),
    ('3548906', 'if', 2418, 2020, '2017-06-23', NULL, '1.1403.22.13', NULL, NULL, NULL, 5.8195, 0.035),
    ('3548906', 'multa', 3526, 2021, '2022-02-01', NULL, NULL, '5603.13.20', 292.07, 0.067, NULL, NULL),
    ('26', 'multa', 1093, 2023, '2022-10-23', NULL, NULL, NULL, 84.43, 0.2391, NULL, NULL),
    ('41', 'multa', 1301, 2017, '2015-09-19', NULL, NULL, '8471.80.00', 201.57, 0.1823, NULL, NULL),
    ('24', 'multa', 2296, 2022, '2016-03-11', '2020-06-22', '1.1805.19.00', NULL, 182.66, 0.1589, NULL, NULL),
    ('4314902', 'multa', 1079, 2023, '2021-08-08', NULL, '1.0504.42.00', '5209.42.90', 271.0, 0.2339, NULL, NULL),
    ('24', 'multa', 3453, 2022, '2023-03-23', NULL, '1.1001.12', '4005.91.10', 45.14, 0.0146, NULL, NULL),
    ('2927408', 'multa', 4787, 2022, '2026-11-27', NULL, NULL, '8501.34.11', 164.28, 0.0927, NULL, NULL),
    ('4314902', 'if', 1804, 2017, '2024-08-20', NULL, NULL, '2611.00.00', NULL, NULL, 0.9365, 0.0189),
    ('3205309', 'multa', 3043, 2015, '2025-07-14', NULL, NULL, '2921.19.22', 155.92, 0.1579, NULL, NULL),
    ('35', 'if', 352, 2016, '2026-12-01', NULL, NULL, NULL, NULL, NULL, 1.6563, 0.0703),
    ('29', 'if', 1680, 2023, '2019-04-06', NULL, NULL, NULL, NULL, NULL, 6.6154, 0.0776),
    ('24', 'if', 800, 2016, '2019-05-02', NULL, '1.1403.26.00', '1302.11.90', NULL, NULL, 3.2388, 0.0194),
    ('2919306', 'if', 1495, 2024, '2024-08-20', NULL, '1.0102.5', '2922.19.91', NULL, NULL, 2.68, 0.0333),
    ('3205309', 'multa', 2266, 2017, '2022-09-08', NULL, NULL, NULL, 190.49, 0.1229, NULL, NULL),
    ('53', 'if', 4642, 2019, '2019-09-29', '2023-02-27', '1.1403.2', NULL, NULL, NULL, 92.6324, 0.0353),
    ('42', 'multa', 3465, 2017, '2025-06-12', '2031-09-08', NULL, NULL, 2977.25, 0.1186, NULL, NULL),
    ('4205407', 'if', 4373, 2025, '2024-06-22', '2025-12-11', NULL, NULL, NULL, NULL, 2.0391, 0.0449),
    ('3505906', 'multa', 570, 2020, '2017-05-17', NULL, '1.1903', '2915.11.00', 91.84, 0.1914, NULL, NULL),
    ('4308250', 'if', 4068, 2026, '2026-03-08', '2031-05-01', NULL, '2934.10.90', NULL, NULL, 3.8528, 0.0705),
    ('35', 'if', 1920, 2025, '2018-10-11', NULL, '1.0904', NULL, NULL, NULL, 6.6585, 0.0203),
    ('32', 'if', 4550, 2024, '2024-09-28', NULL, '1.0501.21.20', '8467.29.91', NULL, NULL, 3.7567, 0.0746),
    ('4308250', 'multa', 4197, 2021, '2016-03-27', NULL, NULL, NULL, 200.04, 0.1566, NULL, NULL),
    ('13', 'multa', 20, 2019, '2024-04-07', NULL, '1.0602.33.00', '3907.10.49', 410.95, 0.1768, NULL, NULL),
    ('3306305', 'if', 3327, 2015, '2019-04-10', NULL, NULL, '2921.59.2', NULL, NULL, 2.4857, 0.0402),
    ('4205407', 'if', 415, 2025, '2016-08-15', NULL, '1.1402.2', '8463.20.91', NULL, NULL, 1.1541, 0.0506),
    ('1302603', 'multa', 971, 2022, '2026-02-08', NULL, '1.0901.31.00', '2904.10.52', 410.86, 0.1985, NULL, NULL),
    ('4208302', 'if', 2250, 2015, '2015-03-03', '2019-04-22', NULL, NULL, NULL, NULL, 2.1722, 0.0354),
    ('51', 'if', 4110, 2023, '2018-10-18', NULL, NULL, NULL, NULL, NULL, 35.5147, 0.0612),
    ('3304557', 'multa', 1395, 2019, '2024-03-16', NULL, NULL, '2934.99.43', 158.07, 0.2204, NULL, NULL),
    ('3205309', 'if', 1412, 2015, '2022-02-21', NULL, NULL, '8460.29.00', NULL, NULL, 3.9089, 0.0791),
    ('4106902', 'if', 3692, 2019, '2020-04-26', NULL, NULL, NULL, NULL, NULL, 7.4118, 0.0634),
    ('26', 'multa', 661, 2026, '2021-06-20', NULL, NULL, '3214.10.20', 133.61, 0.1289, NULL, NULL),
    ('43', 'multa', 571, 2019, '2023-05-31', NULL, '1.2304.20.00', NULL, 124.99, 0.0665, NULL, NULL),
    ('31', 'if', 950, 2015, '2017-10-20', NULL, '1.0905.23.00', '7318.22.00', NULL, NULL, 54.4958, 0.0333),
    ('3304557', 'if', 563, 2022, '2026-09-05', NULL, '1.0501.23', NULL, NULL, NULL, 1.7698, 0.0522),
    ('24', 'multa', 1241, 2023, '2021-01-06', NULL, NULL, '5513.49.90', 324.72, 0.1485, NULL, NULL),
    ('3304557', 'if', 4184, 2017, '2025-08-25', NULL, NULL, NULL, NULL, NULL, 2.9886, 0.011),
    ('32', 'multa', 2411, 2021, '2020-02-20', NULL, '1.1901.30.00', NULL, 139.98, 0.1843, NULL, NULL),
    ('2919306', 'multa', 3003, 2026, '2023-11-22', NULL, NULL, '2914.69.20', 248.34, 0.0833, NULL, NULL),
    ('3146206', 'multa', 2066, 2017, '2019-02-26', NULL, NULL, NULL, 122.19, 0.1052, NULL, NULL),
    ('3548906', 'multa', 4780, 2026, '2021-08-12', NULL, NULL, NULL, 179.73, 0.2442, NULL, NULL),
    ('5300108', 'if', 1730, 2017, '2015-12-18', NULL, '1.0304.20.00', '8523.29.1', NULL, NULL, 7.3155, 0.0644),
    ('4205407', 'multa', 2707, 2025, '2024-04-11', NULL, '1.0501.14.40', '2933.21.10', 331.0, 0.1156, NULL, NULL),
    ('3205309', 'if', 4199, 2021, '2017-10-11', NULL, '1.0909', '6113.00.00', NULL, NULL, 3.5678, 0.0713),
    ('42', 'multa', 4934, 2026, '2017-11-11', NULL, '1.0906.20.00', NULL, 371.03, 0.0135, NULL, NULL),
    ('32', 'if', 1477, 2025, '2017-01-22', NULL, NULL, NULL, NULL, NULL, 8.8392, 0.0626),
    ('32', 'multa', 1996, 2017, '2021-04-29', NULL, '1.2404.39.00', '6802.92.00', 45.53, 0.0699, NULL, NULL),
    ('13', 'multa', 185, 2016, '2016-07-04', '2020-12-30', NULL, '2920.29.10', 130.21, 0.1696, NULL, NULL),
    ('3306305', 'multa', 3726, 2020, '2023-02-04', NULL, NULL, NULL, 56.29, 0.2099, NULL, NULL),
    ('3304557', 'multa', 1524, 2022, '2021-05-21', '2023-12-02', '1.0404.20.00', '6212.30.00', 33.18, 0.2216, NULL, NULL),
    ('3146206', 'multa', 1243, 2023, '2020-08-08', NULL, NULL, '3004.90.19', 521.09, 0.2019, NULL, NULL),
    ('4314902', 'multa', 1346, 2021, '2026-12-05', NULL, '1.1806.8', '3911.90.2', 425.38, 0.0374, NULL, NULL)
ON CONFLICT DO NOTHING;

INSERT INTO inst_cient VALUES
    ('58.826.745/0001-34', 'Universidade de São Paulo', 'Praça da Sé', 33, '00000001', '3550308'),
    ('37.669.280/0001-29', 'Universidade Federal de São Carlos', 'Rodovia Carlos Vignon', 767, '13769020', '3548906'),
    ('11.679.309/0001-01', 'Instituto de Pesquisa FioCruz', 'Avenida Pinheiro', 88, '01473394', '3550308'),
    ('53.396.825/0001-34', 'Laboratório de Pesquisa A.K.L.', 'Rua Sésamo', 35, '39445014', '3106200'),
    ('09.850.333/0001-77', 'Universidade Federal do Rio de Janeiro', 'Avenida Laerte', 56, '38997345', '3304557'),
    ('87.888.161/0001-65', 'Unidade Científica do Norte', 'Rua Corrêa', 1048, '69994-295', '1302603'),
    ('00.001.333/0001-99', 'Universidade Federal da Bahia', 'Rua Roberto Peixoto', 444, '43144-383', '2927408'),
    ('54.777.163/0001-46', 'Universidade Federal de Minas Gerais', 'Rodovia Afonso Pena', 998, '39802-120', '3106200')
ON CONFLICT DO NOTHING;

INSERT INTO equipe_inst_cient VALUES
    ('58.826.745/0001-34', 'Emissões a alto nível'),
    ('58.826.745/0001-34', 'Emissões e as metas da ONU'),
    ('58.826.745/0001-34', 'Impacto das técnicas de produção em emissões'),
    ('37.669.280/0001-29', 'Pesquisa de campo em emissões'),
    ('37.669.280/0001-29', 'Emissões em microempresas'),
    ('11.679.309/0001-01', 'Impacto de programas de incentivo fiscal na redução de emissões'),
    ('11.679.309/0001-01', 'Análise de emissões em São Paulo na última década'),
    ('53.396.825/0001-34', 'Formas de reduzir o impacto de emissões'),
    ('09.850.333/0001-77', 'Emissões: e eu com isso?'),
    ('87.888.161/0001-65', 'Impacto de atividades agropecuárias na Amazônia'),
    ('00.001.333/0001-99', 'Tipos de emissão em empresas de refinaria'),
    ('54.777.163/0001-46', 'O capitalismo como motor da exploração dos recursos naturais'),
    ('54.777.163/0001-46', 'Andamento das metas da ONU')
ON CONFLICT DO NOTHING;

INSERT INTO equipe_inst_cient_membro VALUES
    ('58.826.745/0001-34', 'Emissões a alto nível', 'Caio Melo'),
    ('58.826.745/0001-34', 'Emissões a alto nível', 'Apollo Fernandes'),
    ('58.826.745/0001-34', 'Emissões a alto nível', 'Gabriel Pacheco'),
    ('58.826.745/0001-34', 'Emissões a alto nível', 'Luigi Moura'),
    ('58.826.745/0001-34', 'Emissões a alto nível', 'Ian Sá'),
    ('58.826.745/0001-34', 'Emissões e as metas da ONU', 'Paulo da Paz'),
    ('58.826.745/0001-34', 'Emissões e as metas da ONU', 'Vitor Gabriel Rios'),
    ('58.826.745/0001-34', 'Emissões e as metas da ONU', 'Olivia Nunes'),
    ('58.826.745/0001-34', 'Emissões e as metas da ONU', 'Rafaela da Mata'),
    ('58.826.745/0001-34', 'Impacto das técnicas de produção em emissões', 'Henry Gabriel Costa'),
    ('58.826.745/0001-34', 'Impacto das técnicas de produção em emissões', 'Rodrigo Rios'),
    ('58.826.745/0001-34', 'Impacto das técnicas de produção em emissões', 'Heloisa Nascimento'),
    ('58.826.745/0001-34', 'Impacto das técnicas de produção em emissões', 'Sarah Rios'),
    ('58.826.745/0001-34', 'Impacto das técnicas de produção em emissões', 'Augusto Leão'),
    ('37.669.280/0001-29', 'Pesquisa de campo em emissões', 'Benicio Santos'),
    ('37.669.280/0001-29', 'Pesquisa de campo em emissões', 'Yago da Cunha'),
    ('37.669.280/0001-29', 'Pesquisa de campo em emissões', 'Daniela Pimenta'),
    ('37.669.280/0001-29', 'Pesquisa de campo em emissões', 'Danilo da Cruz'),
    ('37.669.280/0001-29', 'Emissões em microempresas', 'Lara Guerra'),
    ('37.669.280/0001-29', 'Emissões em microempresas', 'Maria Clara Monteiro'),
    ('37.669.280/0001-29', 'Emissões em microempresas', 'Letícia Farias'),
    ('11.679.309/0001-01', 'Impacto de programas de incentivo fiscal na redução de emissões', 'Catarina Cunha'),
    ('11.679.309/0001-01', 'Impacto de programas de incentivo fiscal na redução de emissões', 'Guilherme Martins'),
    ('11.679.309/0001-01', 'Impacto de programas de incentivo fiscal na redução de emissões', 'Ravi Lucca Mendes'),
    ('11.679.309/0001-01', 'Impacto de programas de incentivo fiscal na redução de emissões', 'Erick Rocha'),
    ('11.679.309/0001-01', 'Análise de emissões em São Paulo na última década', 'Pedro Miguel Machado'),
    ('11.679.309/0001-01', 'Análise de emissões em São Paulo na última década', 'Ágatha Almeida'),
    ('11.679.309/0001-01', 'Análise de emissões em São Paulo na última década', 'Marcela Pimenta'),
    ('11.679.309/0001-01', 'Análise de emissões em São Paulo na última década', 'Vinicius Caldeira'),
    ('11.679.309/0001-01', 'Análise de emissões em São Paulo na última década', 'Vinicius Oliveira'),
    ('11.679.309/0001-01', 'Análise de emissões em São Paulo na última década', 'Caleb Duarte'),
    ('53.396.825/0001-34', 'Formas de reduzir o impacto de emissões', 'Lunna Leão'),
    ('53.396.825/0001-34', 'Formas de reduzir o impacto de emissões', 'Sabrina Porto'),
    ('53.396.825/0001-34', 'Formas de reduzir o impacto de emissões', 'Caleb Vasconcelos'),
    ('53.396.825/0001-34', 'Formas de reduzir o impacto de emissões', 'Srta. Mariane Pastor'),
    ('09.850.333/0001-77', 'Emissões: e eu com isso?', 'Renan Pimenta'),
    ('09.850.333/0001-77', 'Emissões: e eu com isso?', 'Isaac Gomes'),
    ('09.850.333/0001-77', 'Emissões: e eu com isso?', 'Juan Abreu'),
    ('87.888.161/0001-65', 'Impacto de atividades agropecuárias na Amazônia', 'Vitor Hugo Carvalho'),
    ('87.888.161/0001-65', 'Impacto de atividades agropecuárias na Amazônia', 'Pietro da Luz'),
    ('87.888.161/0001-65', 'Impacto de atividades agropecuárias na Amazônia', 'Brenda Macedo'),
    ('87.888.161/0001-65', 'Impacto de atividades agropecuárias na Amazônia', 'Eloá Porto'),
    ('87.888.161/0001-65', 'Impacto de atividades agropecuárias na Amazônia', 'Renan Farias'),
    ('00.001.333/0001-99', 'Tipos de emissão em empresas de refinaria', 'Gael Henrique Duarte'),
    ('00.001.333/0001-99', 'Tipos de emissão em empresas de refinaria', 'Maya Moura'),
    ('00.001.333/0001-99', 'Tipos de emissão em empresas de refinaria', 'Diego Silva'),
    ('00.001.333/0001-99', 'Tipos de emissão em empresas de refinaria', 'Maria Isis Caldeira'),
    ('54.777.163/0001-46', 'O capitalismo como motor da exploração dos recursos naturais', 'Luan Moraes'),
    ('54.777.163/0001-46', 'O capitalismo como motor da exploração dos recursos naturais', 'Liam Cunha'),
    ('54.777.163/0001-46', 'Andamento das metas da ONU', 'Matteo Macedo'),
    ('54.777.163/0001-46', 'Andamento das metas da ONU', 'Thomas Barbosa'),
    ('54.777.163/0001-46', 'Andamento das metas da ONU', 'Léo Moura')
ON CONFLICT DO NOTHING;

-- INSERT INTO relatorio VALUES
--     ()
-- ON CONFLICT DO NOTHING;

-- INSERT INTO relatorio_prod VALUES
--     ()
-- ON CONFLICT DO NOTHING;

-- INSERT INTO relatorio_serv VALUES
--     ()
-- ON CONFLICT DO NOTHING;

COMMIT;
